t,H2O2,OH,HO2,H2O,O2
-20.0,523605600000000.0,0.0,0.0,0.0,0.0
-19.8,523605600000000.0,0.0,0.0,0.0,0.0
-19.6,523605600000000.0,0.0,0.0,0.0,0.0
-19.4,523605600000000.0,0.0,0.0,0.0,0.0
-19.2,523605600000000.0,0.0,0.0,0.0,0.0
-19.0,523605600000000.0,0.0,0.0,0.0,0.0
-18.8,523605600000000.0,0.0,0.0,0.0,0.0
-18.6,523605600000000.0,0.0,0.0,0.0,0.0
-18.4,523605600000000.0,0.0,0.0,0.0,0.0
-18.2,523605600000000.0,0.0,0.0,0.0,0.0
-18.0,523605600000000.0,0.0,0.0,0.0,0.0
-17.8,523605600000000.0,0.0,0.0,0.0,0.0
-17.6,523605600000000.0,0.0,0.0,0.0,0.0
-17.4,523605600000000.0,0.0,0.0,0.0,0.0
-17.2,523605600000000.0,0.0,0.0,0.0,0.0
-17.0,523605600000000.0,0.0,0.0,0.0,0.0
-16.8,523605600000000.0,0.0,0.0,0.0,0.0
-16.6,523605600000000.0,0.0,0.0,0.0,0.0
-16.4,523605600000000.0,0.0,0.0,0.0,0.0
-16.2,523605600000000.0,0.0,0.0,0.0,0.0
-16.0,523605600000000.0,0.0,0.0,0.0,0.0
-15.8,523605600000000.0,0.0,0.0,0.0,0.0
-15.6,523605600000000.0,0.0,0.0,0.0,0.0
-15.399999999999999,523605600000000.0,0.0,0.0,0.0,0.0
-15.2,523605600000000.0,0.0,0.0,0.0,0.0
-15.0,523605600000000.0,0.0,0.0,0.0,0.0
-14.8,523605600000000.0,0.0,0.0,0.0,0.0
-14.6,523605600000000.0,0.0,0.0,0.0,0.0
-14.399999999999999,523605600000000.0,0.0,0.0,0.0,0.0
-14.2,523605600000000.0,0.0,0.0,0.0,0.0
-14.0,523605600000000.0,0.0,0.0,0.0,0.0
-13.8,523605600000000.0,0.0,0.0,0.0,0.0
-13.6,523605600000000.0,0.0,0.0,0.0,0.0
-13.399999999999999,523605600000000.0,0.0,0.0,0.0,0.0
-13.2,523605600000000.0,0.0,0.0,0.0,0.0
-13.0,523605600000000.0,0.0,0.0,0.0,0.0
-12.8,523605600000000.0,0.0,0.0,0.0,0.0
-12.6,523605600000000.0,0.0,0.0,0.0,0.0
-12.399999999999999,523605600000000.0,0.0,0.0,0.0,0.0
-12.2,523605600000000.0,0.0,0.0,0.0,0.0
-12.0,523605600000000.0,0.0,0.0,0.0,0.0
-11.799999999999999,523605600000000.0,0.0,0.0,0.0,0.0
-11.6,523605600000000.0,0.0,0.0,0.0,0.0
-11.4,523605600000000.0,0.0,0.0,0.0,0.0
-11.2,523605600000000.0,0.0,0.0,0.0,0.0
-11.0,523605600000000.0,0.0,0.0,0.0,0.0
-10.799999999999999,523605600000000.0,0.0,0.0,0.0,0.0
-10.6,523605600000000.0,0.0,0.0,0.0,0.0
-10.399999999999999,523605600000000.0,0.0,0.0,0.0,0.0
-10.2,523605600000000.0,0.0,0.0,0.0,0.0
-10.0,523605600000000.0,0.0,0.0,0.0,0.0
-9.799999999999999,523605600000000.0,0.0,0.0,0.0,0.0
-9.6,523605600000000.0,0.0,0.0,0.0,0.0
-9.399999999999999,523605600000000.0,0.0,0.0,0.0,0.0
-9.2,523605600000000.0,0.0,0.0,0.0,0.0
-9.0,523605600000000.0,0.0,0.0,0.0,0.0
-8.799999999999999,523605600000000.0,0.0,0.0,0.0,0.0
-8.6,523605600000000.0,0.0,0.0,0.0,0.0
-8.399999999999999,523605600000000.0,0.0,0.0,0.0,0.0
-8.2,523605600000000.0,0.0,0.0,0.0,0.0
-8.0,523605600000000.0,0.0,0.0,0.0,0.0
-7.799999999999999,523605600000000.0,0.0,0.0,0.0,0.0
-7.6,523605600000000.0,0.0,0.0,0.0,0.0
-7.399999999999999,523605600000000.0,0.0,0.0,0.0,0.0
-7.199999999999999,523605600000000.0,0.0,0.0,0.0,0.0
-7.0,523605600000000.0,0.0,0.0,0.0,0.0
-6.799999999999999,523605600000000.0,0.0,0.0,0.0,0.0
-6.6,523605600000000.0,0.0,0.0,0.0,0.0
-6.399999999999999,523605600000000.0,0.0,0.0,0.0,0.0
-6.199999999999999,523605600000000.0,0.0,0.0,0.0,0.0
-6.0,523605600000000.0,0.0,0.0,0.0,0.0
-5.799999999999999,523605600000000.0,0.0,0.0,0.0,0.0
-5.6,523605600000000.0,0.0,0.0,0.0,0.0
-5.399999999999999,523605600000000.0,0.0,0.0,0.0,0.0
-5.199999999999999,523605600000000.0,0.0,0.0,0.0,0.0
-5.0,523605600000000.0,0.0,0.0,0.0,0.0
-4.799999999999999,523605600000000.0,0.0,0.0,0.0,0.0
-4.6,523605600000000.0,0.0,0.0,0.0,0.0
-4.399999999999999,523605600000000.0,0.0,0.0,0.0,0.0
-4.199999999999999,523605600000000.0,0.0,0.0,0.0,0.0
-4.0,523605600000000.0,0.0,0.0,0.0,0.0
-3.8000000000000007,523605600000000.0,0.0,0.0,0.0,0.0
-3.599999999999998,523605600000000.0,0.0,0.0,0.0,0.0
-3.3999999999999986,523605600000000.0,0.0,0.0,0.0,0.0
-3.1999999999999993,523605600000000.0,0.0,0.0,0.0,0.0
-3.0,523605600000000.0,0.0,0.0,0.0,0.0
-2.8000000000000007,523605600000000.0,0.0,0.0,0.0,0.0
-2.599999999999998,523605600000000.0,0.0,0.0,0.0,0.0
-2.3999999999999986,523605600000000.0,0.0,0.0,0.0,0.0
-2.1999999999999993,523605600000000.0,0.0,0.0,0.0,0.0
-2.0,523605600000000.0,0.0,0.0,0.0,0.0
-1.8000000000000007,523605600000000.0,0.0,0.0,0.0,0.0
-1.5999999999999979,523605600000000.0,0.0,0.0,0.0,0.0
-1.3999999999999986,523605600000000.0,0.0,0.0,0.0,0.0
-1.1999999999999993,523605600000000.0,0.0,0.0,0.0,0.0
-1.0,523605600000000.0,0.0,0.0,0.0,0.0
-0.7999999999999972,523605600000000.0,0.0,0.0,0.0,0.0
-0.5999999999999979,523605600000000.0,0.0,0.0,0.0,0.0
-0.3999999999999986,523605600000000.0,0.0,0.0,0.0,0.0
-0.1999999999999993,523605600000000.0,0.0,0.0,0.0,0.0
0.0,523383004573589.8,2558660320091.714,218538489369.13052,226595890353.08966,4000463942.747885
0.20000000000000284,522946144361483.2,2093087922415.536,633298263625.8535,685208762803.2029,25753124286.190063
0.40000000000000213,522590626995593.5,1698553368925.2583,954827948062.1377,1074073117319.1901,59100112912.40989
0.6000000000000014,522303391351583.6,1369843774166.0571,1204308798763.8843,1398195692661.5803,95987044244.89589
0.8000000000000007,522072637670670.1,1099431395720.8451,1398049941157.1074,1664917710575.1165,131955381244.82693
1.0,521888093764510.4,879100975013.1321,1548582450919.983,1882291831527.4766,164785596037.518
1.2000000000000028,521741041932316.1,700883958618.7988,1665541876247.585,2058148453621.5469,193590385937.32516
1.4000000000000021,521624216457075.3,557535582961.8981,1756353905693.5496,2199617082399.656,218233539474.68854
1.6000000000000014,521531641210483.0,442729261248.93835,1826757610753.0942,2312929427383.547,238970637866.28296
1.8000000000000007,521458448723897.7,351087112787.0946,1881201846683.604,2403386042718.702,256234766616.2591
2.0,521400703632356.4,278123078905.82874,1923145162808.813,2475410435482.3745,270514067838.5923
2.200000000000003,521355241941898.8,220145601667.1862,1955283179084.2754,2532643851602.829,282285793501.4586
2.400000000000002,521319530686786.7,174147208180.08466,1979721612867.4465,2578053472663.279,291984159449.89636
2.6000000000000014,521291548724787.8,137696048450.41525,1998108530751.5168,2614038990174.418,299987714962.0203
2.8000000000000007,521269687388650.3,108836844865.12816,2011735894239.2253,2642530080679.9927,306617469330.17725
3.0,521252668802881.4,86004281414.50847,2021617864167.3823,2665071719996.6914,312140522877.9479
3.200000000000003,521239479388251.0,67949374937.32869,2028551416162.564,2682896755716.802,316776143967.72894
3.400000000000002,521229316129542.1,53678084072.02132,2033163422226.7039,2696986444251.6987,320702573793.73376
3.6000000000000014,521221543398275.4,42400822667.940414,2035947326059.2097,2708120250865.4697,324063649140.7786
3.8000000000000007,521215658403415.9,33491355303.40281,2037291781534.7085,2716916404601.495,326974808017.2833
4.0,521211263635830.0,26453580854.5313,2037503060290.479,2723864676283.473,329528312113.3562
4.200000000000003,521208044944540.4,20894841311.748894,2036822615531.2395,2729352720800.257,331797665340.62024
4.400000000000002,521205754127756.5,16504564292.813236,2035440865698.05,2733687157496.0347,333841285252.5121
4.600000000000001,521204195130401.4,13037230523.923222,2033508022934.7534,2737110382967.2563,335705513368.6865
4.800000000000001,521203213110471.9,10298822159.943562,2031142611385.7227,2739813948671.391,337427059143.366
5.0,521202685788419.6,8136063895.977049,2028438169840.976,2741949182080.041,339034970499.75726
5.200000000000003,521202516605477.5,6427891954.013642,2025468530804.1738,2743635608751.902,340552214229.4338
5.400000000000002,521202629316491.1,5078698596.655106,2022291979481.1086,2744967621715.841,341996938207.01215
5.600000000000001,521202963717382.2,4012986510.4992437,2018954532350.1692,2746019759049.2646,343383476431.49176
5.800000000000001,521203472270438.7,3171142033.490241,2015492522291.0493,2746850876908.255,344723147346.9602
6.0,521204117439182.4,2506094607.509687,2011934637645.224,2747507447631.3975,346024886813.79095
6.200000000000003,521204869583911.9,1980677643.873989,2008303530957.2944,2748026165359.0522,347295749270.98596
6.400000000000002,521205705300131.2,1565544123.2816467,2004617088481.4663,2748436003971.028,348541304102.1814
6.600000000000001,521206606106719.0,1237520648.6075623,2000889432183.7202,2748759842141.1475,349765948860.06665
6.800000000000001,521207557410243.1,978307898.0096867,1997131710744.6812,2749015746389.282,350973156632.25543
7.0,521208547687293.7,773454676.4682235,1993352724085.3164,2749217984007.112,352165671300.81323
7.200000000000003,521209567838925.0,611548000.2482325,1989559416525.2192,2749377822691.9834,353345661617.0398
7.400000000000002,521210610680960.3,483573740.3748962,1985757266255.025,2749504161785.5938,354514842745.886
7.600000000000001,521211670541551.1,382411908.4281133,1981950592958.392,2749604030578.5283,355674572129.74426
7.800000000000001,521212742943401.1,302438218.23897505,1978142800814.7605,2749682981687.3037,356825925088.48694
8.0,521213824352829.0,239209539.30522138,1974336570474.3657,2749745401604.261,357969754433.2036
8.200000000000003,521214911981597.1,189215562.20639962,1970534010739.1196,2749794755875.8286,359106737472.77814
8.400000000000002,521216003630401.5,149682731.73452646,1966736778416.0774,2749833782676.6084,360237413078.0288
8.600000000000001,521217097565253.6,118419433.78264356,1962946173032.9675,2749864645653.572,361362210907.15247
8.8,521218192419834.6,93693750.26903057,1959163211693.5454,2749889054615.898,362481474450.32043
9.0,521219287118358.0,74136921.85640112,1955388688243.6348,2749908360843.656,363595479201.6734
9.200000000000003,521220380814632.1,58667107.79946858,1951623220039.5825,2749923632357.3394,364704446989.4447
9.400000000000002,521221472843910.3,46429169.826207146,1947867284920.649,2749935713367.1025,365808557277.29297
9.600000000000001,521222562684847.5,36747108.85720064,1944121250439.3833,2749945271230.08,366907956077.5077
9.8,521223649929437.4,29086492.59553175,1940385396973.234,2749952833543.946,368002762981.2968
10.0,521224734259253.4,23024772.949701007,1936659935999.696,2749958817451.0674,369093076704.36005
10.200000000000003,521225815426670.9,18227834.62860324,1932945024548.1934,2749963552790.8115,370178979461.6571
10.400000000000002,521226893240025.8,14431465.096927425,1929240776629.543,2749967300393.176,371260540418.89764
10.600000000000001,521227967551881.5,11426712.079185933,1925547272275.6418,2749970266534.403,372337818415.8309
10.8,521229038249754.2,9048311.838592336,1921864564689.7024,2749972614360.954,373410864115.22394
11.0,521230105248780.5,7165543.637714106,1918192685902.2336,2749974472918.247,374479721698.7914
11.200000000000003,521231168485918.7,5675000.928753848,1914531651245.4224,2749975944287.0938,375544430205.7693
11.400000000000002,521232227915364.7,4494877.198755625,1910881462892.8882,2749977109224.8276,376605024589.53827
11.600000000000001,521233283504926.9,3560448.6254997505,1907242112660.2625,2749978031624.886,377661536551.81244
11.8,521234335233158.6,2820502.6400138424,1903613584220.9778,2749978762042.567,378713995201.3008
12.0,521235383087091.0,2234514.042094226,1899995854859.4907,2749979340482.7773,379762427573.8677
12.200000000000003,521236427060438.8,1770412.0345822398,1896388896858.4973,2749979798604.4233,380806859043.38275
12.399999999999999,521237467152182.5,1402814.3575735232,1892792678596.5774,2749980161463.661,381847313646.3004
12.600000000000001,521238503365445.5,1111630.7004863305,1889207165416.6895,2749980448892.5957,382883814338.14124
12.800000000000004,521239535706606.3,880958.0766853668,1885632320313.3352,2749980676589.7563,383916383196.2179
13.0,521240564184597.2,698207.0459548333,1882068104476.2134,2749980856982.667,384945041579.9227
13.200000000000003,521241588810347.1,553410.49109352,1878514477720.2905,2749980999910.214,385969810257.50586
13.399999999999999,521242609596343.8,438676.754660336,1874971398825.963,2749981113162.487,386990709506.39667
13.600000000000001,521243626556284.6,347756.9583538378,1871438825808.0527,2749981202907.9155,388007759192.6288
13.800000000000004,521244639704802.4,275702.6288914343,1867916716128.4604,2749981274031.24,389020978833.76447
14.0,521245649057247.7,218594.76537642517,1864405026864.2175,2749981330400.9736,390030387648.7827
14.200000000000003,521246654629516.5,173329.4186445292,1860903714840.2188,2749981375081.061,391036004597.67194
14.399999999999999,521247656437914.3,137447.9844929466,1857412736733.9934,2749981410498.4106,392037848412.88556
14.600000000000001,521248654499048.7,109002.87306487953,1853932049158.338,2749981438575.495,393035937624.3715
14.800000000000004,521249648829744.0,86451.17289433624,1850461608726.4126,2749981460835.3228,394030290579.5194
15.0,521250639446974.3,68570.46772043701,1847001372102.9504,2749981478484.532,395020925459.09467
15.200000000000003,521251626367810.6,54392.186017264634,1843551296044.4792,2749981492479.191,396007860289.99646
15.399999999999999,521252609609378.3,43148.827361833624,1840111337430.8286,2749981503576.8887,396991112955.50684
15.600000000000001,521253589188825.3,34232.17291027796,1836681453289.7449,2749981512377.9873,397970701203.5553
15.800000000000004,521254565123294.9,27160.191395992297,1833261600816.0474,2749981519358.29,398946642653.41174
16.0,521255537429906.0,21550.828852748513,1829851737386.4543,2749981524894.911,399918954801.1376
16.200000000000003,521256506125737.0,17101.248883768356,1826451820570.9966,2749981529286.7705,400887655024.0535
16.4,521257471227813.4,13571.388386683215,1823061808141.7083,2749981532770.8257,401852760584.42737
16.6,521258432753097.3,10770.930878150337,1819681658079.184,2749981535534.932,402814288632.5459
16.800000000000004,521259390718481.0,8548.986107882954,1816311328577.4302,2749981537728.025,403772256209.2958
17.0,521260345140779.9,6785.913246225522,1812950778047.379,2749981539468.197,404726680248.35754
17.200000000000003,521261296036728.7,5386.841787677478,1809599965119.3386,2749981540849.09,405677577578.0903
17.4,521262243422977.9,4276.537357546156,1806258848644.607,2749981541944.964,406624964923.17175
17.6,521263187316091.0,3395.3328821875284,1802927387696.4185,2749981542814.711,407568858906.0428
17.800000000000004,521264127732542.8,2695.9038304865635,1799605541570.3735,2749981543505.043,408509276048.1962
18.0,521265064688718.0,2140.712215972816,1796293269784.4546,2749981544053.0117,409446232771.34143
18.200000000000003,521265998200910.1,1699.9805100895494,1792990532078.7173,2749981544488.009,410379745398.46924
18.400000000000006,521266928285321.1,1350.0854897353058,1789697288414.731,2749981544833.3486,411309830154.8371
18.6,521267854958061.1,1072.2848700935924,1786413498974.814,2749981545107.532,412236503168.88855
18.800000000000004,521268778235147.6,851.7077081107112,1783139124161.1238,2749981545325.2354,413159780473.1217
19.0,521269698132506.6,676.5538625459933,1779874124594.6157,2749981545498.1074,414079678004.91455
19.200000000000003,521270614665971.6,537.4591849043005,1776618461113.9175,2749981545635.389,414996211607.3153
19.400000000000006,521271527851285.1,426.99208228403916,1773372094774.1274,2749981545744.4155,415909397029.8043
19.6,521272437704097.8,339.254242664743,1770134986845.5593,2749981545831.01,416819249929.03174
19.800000000000004,521273344239969.4,269.56394103631993,1766907098812.4507,2749981545899.7905,417725785869.5352
20.0,521274247474369.7,214.20483161142639,1763688392371.6362,2749981545954.4272,418629020324.4409
20.200000000000003,521275147422678.0,170.226667011532,1760478829431.2036,2749981545997.831,419528968676.1495
20.400000000000006,521276044100184.4,135.28720035374394,1757278372109.134,2749981546032.314,420425646217.0093
20.6,521276937522090.0,107.52674927415308,1754086982731.9336,2749981546059.7124,421319068149.9792
20.800000000000004,521277827703507.5,85.46866684127045,1750904623833.2617,2749981546081.4824,422209249589.2809
21.0,521278714659462.0,67.9403630413342,1747731258152.5542,2749981546098.7817,423096205561.0421
21.200000000000003,521279598404891.1,54.010628418459405,1744566848633.6528,2749981546112.5293,423979951003.9326
21.400000000000006,521280478954646.0,42.939891810448316,1741411358423.4338,2749981546123.4556,424860500769.792
21.6,521281356323491.8,34.14073951184413,1738264750870.4429,2749981546132.139,425737869624.2504
21.800000000000004,521282230526108.0,27.146577267951074,1735126989523.5383,2749981546139.042,426612072247.3435
22.0,521283101577089.3,21.5867533374917,1731998038130.5361,2749981546144.5283,427483123234.12024
22.200000000000003,521283969490946.1,17.16680946617675,1728877860636.8696,2749981546148.8906,428351037095.24554
22.400000000000006,521284834282104.9,13.652801295438133,1725766421184.2512,2749981546152.3584,429215828257.5968
22.6,521285695964909.4,10.858848981208848,1722663684109.3484,2749981546155.116,430077511064.85504
22.800000000000004,521286554553620.4,8.637251682492153,1719569613942.4644,2749981546157.3086,430936099778.0907
23.0,521287410062416.9,6.870637432116695,1716484175406.2314,2749981546159.0527,431791608576.34436
23.200000000000003,521288262505396.4,5.4657288106390105,1713407333414.312,2749981546160.4385,432644051557.20184
23.400000000000006,521289111896575.4,4.348391501576323,1710339053070.1108,2749981546161.542,433493442737.36536
23.6,521289958249890.5,3.4597014602936236,1707279299665.4968,2749981546162.419,434339796053.2186
23.800000000000004,521290801579197.8,2.7528209049968178,1704228038679.5327,2749981546163.116,435183125361.3878
24.0,521291641898275.3,2.190516635341382,1701185235777.2163,2749981546163.6714,436023444439.2977
24.200000000000003,521292479220821.2,1.7431884414790857,1698150856808.2332,2749981546164.113,436860766985.72345
24.400000000000006,521293313560456.6,1.3873026731284024,1695124867805.7156,2749981546164.464,437695106621.3365
24.6,521294144930724.2,1.1041475968937027,1692107234985.0127,2749981546164.7437,438526476889.24774
24.800000000000004,521294973345090.2,0.8788443870009768,1689097924742.4722,2749981546164.966,439354891255.5447
25.0,521295798816944.3,0.6995611747837516,1686096903654.2292,2749981546165.143,440180363109.8253
25.200000000000003,521296621359600.0,0.5568884334249228,1683104138475.006,2749981546165.284,441002905765.7262
25.400000000000006,521297440986295.7,0.4433425390633582,1680119596136.9204,2749981546165.3965,441822532461.4481
25.6,521298257710194.5,0.3529711717627515,1677143243748.3052,2749981546165.4854,442639256360.2754
25.800000000000004,521299071544385.2,0.2810396637250911,1674175048592.5347,2749981546165.5566,443453090551.0923
26.0,521299882501882.9,0.22378164768732015,1671214978126.8635,2749981546165.6133,444264048048.8949
26.200000000000003,521300690595629.2,0.1782008247417066,1668262999981.2703,2749981546165.658,445072141795.29865
26.400000000000006,521301495838492.9,0.1419133547990053,1665319081957.317,2749981546165.6943,445877384659.0414
26.6,521302298243270.4,0.11302254157042982,1662383192027.0095,2749981546165.722,446679789436.4836
26.800000000000004,521303097822686.0,0.0900191747860161,1659455298331.6738,2749981546165.745,447479368852.103
27.0,521303894589392.8,0.07170229744706968,1656535369180.8376,2749981546165.763,448276135558.98615
27.200000000000003,521304688555973.3,0.05711617568842511,1653623373051.121,2749981546165.7783,449070102139.31573
27.400000000000006,521305479734938.7,0.04550017893599201,1650719278585.1377,2749981546165.7896,449861281104.8537
27.6,521306268138731.3,0.036248909243259644,1647823054590.4026,2749981546165.7983,450649684897.4217
27.800000000000004,521307053779723.2,0.02888049068657155,1644934670038.25,2749981546165.806,451435325889.3753
28.0,521307836670217.9,0.023011339518459316,1642054094062.7588,2749981546165.8125,452218216384.07666
28.200000000000003,521308616822450.3,0.018336095366444673,1639181295959.687,2749981546165.8174,452998368616.3627
28.400000000000006,521309394248586.9,0.014611653938493823,1636316245185.4146,2749981546165.8203,453775794753.0085
28.6,521310168960727.0,0.01164446055188716,1633458911355.894,2749981546165.823,454550506893.18896
28.800000000000004,521310940970902.7,0.009280401914356836,1630609264245.609,2749981546165.826,455322517068.93427
29.0,521311710291079.4,0.007396759959279906,1627767273786.5417,2749981546165.8276,456091837245.58435
29.200000000000003,521312476933156.1,0.005895810691748047,1624932910067.151,2749981546165.829,456858479322.2377
29.400000000000006,521313240908966.0,0.0046997279826694206,1622106143331.3503,2749981546165.8306,457622455132.19745
29.6,521314002230277.3,0.0037465284137836443,1619286943977.5034,2749981546165.831,458383776443.4139
29.800000000000004,521314760908792.8,0.0029868432602958546,1616475282557.4216,2749981546165.832,459142454958.92346
30.0,521315516956151.2,0.0023813473797187233,1613671129775.3706,2749981546165.832,459898502317.2838
30.200000000000003,521316270383926.9,0.0018987150834563764,1610874456487.086,2749981546165.833,460651930093.0062
30.400000000000006,521317021203631.0,0.0015139923242050337,1608085233698.7937,2749981546165.8345,461402749796.98376
30.6,521317769426710.8,0.0012072976113652032,1605303432566.2415,2749981546165.8345,462150972876.9165
30.800000000000004,521318515064551.6,0.0009627902821056945,1602529024393.7344,2749981546165.8345,462896610717.7334
31.0,521319258128475.9,0.0007678487477433421,1599761980633.1816,2749981546165.8345,463639674642.01056
31.200000000000003,521319998629744.3,0.0006124150950225746,1597002272883.1475,2749981546165.8345,464380175910.3864
31.400000000000006,521320736579555.9,0.0004884755056984403,1594249872887.909,2749981546165.8345,465118125721.9738
31.6,521321471989048.7,0.0003896424038674391,1591504752536.5254,2749981546165.8345,465853535214.76855
31.800000000000004,521322204869300.0,0.00031082493189536477,1588766883861.9106,2749981546165.8345,466586415466.0544
32.0,521322935231326.8,0.0002479658231880532,1586036239039.9126,2749981546165.8345,467316777492.80585
32.2,521323663086086.1,0.00019783086877550607,1583312790388.4038,2749981546165.8345,468044632252.08704
32.400000000000006,521324388444475.4,0.0001578418734363237,1580596510366.3745,2749981546165.8345,468769990641.4476
32.6,521325111317333.3,0.00012594366849829505,1577887371573.034,2749981546165.8345,469492863499.31555
32.800000000000004,521325831715439.3,0.00010049745199567172,1575185346746.9219,2749981546165.8345,470213261605.3872
33.0,521326549649514.9,8.019814814674199e-05,1572490408765.02,2749981546165.8345,470931195681.01337
33.2,521327265130223.5,6.40031972226924e-05,1569802530641.876,2749981546165.8345,471646676389.58435
33.400000000000006,521327978168170.8,5.108147865313352e-05,1567121685528.733,2749981546165.8345,472359714336.90936
33.6,521328688773905.5,4.077066378241165e-05,1564447846712.664,2749981546165.8345,473070320071.59503
33.800000000000004,521329396957919.4,3.254305462570494e-05,1561780987615.7144,2749981546165.8345,473778504085.42004
34.0,521330102730647.6,2.5977319962627582e-05,1559121081794.0498,2749981546165.8345,474484276813.7069
34.2,521330806102469.7,2.0737557761646123e-05,1556468102937.1116,2749981546165.8345,475187648635.6916
34.400000000000006,521331507083708.9,1.655599162568569e-05,1553822024866.7778,2749981546165.8345,475888629874.88885
34.6,521332205684633.5,1.3217940680012059e-05,1551182821536.5308,2749981546165.8345,476587230799.45715
34.800000000000004,521332901915456.6,1.0553376547391473e-05,1548550467030.6304,2749981546165.8345,477283461622.5576
35.0,521333595786336.7,8.426484104846732e-06,1545924935563.2964,2749981546165.8345,477977332502.7122
35.2,521334287307378.1,6.728669687105002e-06,1543306201477.8914,2749981546165.8345,478668853544.1598
35.400000000000006,521334976488631.1,5.373288301801626e-06,1540694239246.1157,2749981546165.8345,479358034797.20715
35.6,521335663340092.6,4.291054056732817e-06,1538089023467.1968,2749981546165.8345,480044886258.5832
35.800000000000004,521336347871705.8,3.427001771238086e-06,1535490528867.1292,2749981546165.8345,480729417871.7697
36.0,521337030093361.4,2.737183870016906e-06,1532898730297.8281,2749981546165.8345,481411639527.3706
36.2,521337710014897.5,2.1864755562606397e-06,1530313602736.3071,2749981546165.8345,482091561063.4706
36.400000000000006,521338387646100.0,1.7465177740119917e-06,1527735121284.0886,2749981546165.8345,482769192265.89197
36.6,521339062996702.7,1.3945520335757966e-06,1525163261166.1243,2749981546165.8345,483444542868.6649
36.800000000000004,521339736076388.2,1.1135657011577008e-06,1522597997730.5308,2749981546165.8345,484117622554.14246
37.0,521340406894787.6,8.894991255895266e-07,1520039306447.3445,2749981546165.8345,484788440953.5438
37.2,521341075461481.3,7.108234516049031e-07,1517487162907.9458,2749981546165.8345,485457007647.2042
37.400000000000006,521341741785999.0,5.683604129999222e-07,1514941542824.2974,2749981546165.8345,486123332164.90674
37.6,521342405877833.4,4.5401438407001786e-07,1512402421997.1235,2749981546165.8345,486787423999.2295
37.800000000000004,521343067746376.7,3.6321724840147134e-07,1509869776466.188,2749981546165.8345,487449292542.5829
38.0,521343727401041.5,2.903584832220153e-07,1507343582223.5176,2749981546165.8345,488108947207.39667
38.2,521344384851136.4,2.3224279864895017e-07,1504823815508.93,2749981546165.8345,488766397302.2982
38.400000000000006,521345040105948.5,1.859274243751975e-07,1502310452613.4946,2749981546165.8345,489421652114.4544
38.6,521345693174728.2,1.489583911292002e-07,1499803469916.7778,2749981546165.8345,490074720893.98596
38.800000000000004,521346344066629.9,1.1947619306454393e-07,1497302844025.7366,2749981546165.8345,490725612795.84503
39.0,521346992790828.8,9.553389143172489e-08,1494808551500.4875,2749981546165.8345,491374336994.5907
39.2,521347639356390.6,7.618204434116064e-08,1492320569159.8857,2749981546165.8345,492020902556.5375
39.400000000000006,521348283772359.9,6.066737375404155e-08,1489838873875.8972,2749981546165.8345,492665318525.7793
39.6,521348926047749.7,4.818627755408717e-08,1487363442594.1304,2749981546165.8345,493307593915.63605
39.800000000000004,521349566191474.6,3.831285066350599e-08,1484894252496.8464,2749981546165.8345,493947737640.4745
40.0,521350204212472.8,3.0490159881511455e-08,1482431280709.1062,2749981546165.8345,494585758638.58984
40.2,521350840119569.5,2.4324017505948385e-08,1479974504626.2131,2749981546165.8345,495221665735.3488
40.400000000000006,521351473921585.9,1.9427318764993122e-08,1477523901653.9292,2749981546165.8345,495855467751.74866
40.6,521352105627295.0,1.549748708251463e-08,1475079449312.555,2749981546165.8345,496487173460.9655
40.800000000000004,521352735245387.7,1.237232652857096e-08,1472641125320.1978,2749981546165.8345,497116791553.5622
41.0,521353362784572.8,9.84386852033093e-09,1470208907350.5327,2749981546165.8345,497744330738.67303
41.2,521353988253445.0,7.825875632932034e-09,1467782773351.5142,2749981546165.8345,498369799610.9491
41.400000000000006,521354611660607.1,6.221441883619389e-09,1465362701251.9634,2749981546165.8345,498993206773.03076
41.6,521355233014599.7,4.945584942742844e-09,1462948669129.1914,2749981546165.8345,499614560765.6273
41.800000000000004,521355852323897.8,3.940549994465837e-09,1460540655218.0955,2749981546165.8345,500233870063.7095
42.0,521356469596986.1,3.1400948246762352e-09,1458138637730.1428,2749981546165.8345,500851143152.0405
42.2,521357084842237.8,2.507365454263213e-09,1455742595144.698,2749981546165.8345,501466388403.6958
42.400000000000006,521357698068042.8,2.0007483129158264e-09,1453352505900.5508,2749981546165.8345,502079614208.6701
42.6,521358309282717.0,1.593579840203335e-09,1450968348614.1284,2749981546165.8345,502690828882.9525
42.800000000000004,521358918494526.8,1.2698226439175818e-09,1448590102021.5244,2749981546165.8345,503300040692.6714
43.0,521359525711738.4,1.0093999958826992e-09,1446217744858.2417,2749981546165.8345,503907257904.223
43.2,521360130942512.0,8.031451320110112e-10,1443851256114.4204,2749981546165.8345,504512488677.96985
43.400000000000006,521360734195002.2,6.406056289018349e-10,1441490614794.9016,2749981546165.8345,505115741168.1725
43.6,521361335477383.9,5.096651288679181e-10,1439135799854.9111,2749981546165.8345,505717023549.74725
43.800000000000004,521361934797657.7,4.06572402684411e-10,1436786790667.8777,2749981546165.8345,506316343823.5677
44.0,521362532163870.1,3.226513055729371e-10,1434443566498.4302,2749981546165.8345,506913710035.9203
44.2,521363127583953.5,2.500407864710407e-10,1432106106885.0522,2749981546165.8345,507509130119.3498
44.400000000000006,521363721065877.9,1.8281120666705398e-10,1429774391276.0117,2749981546165.8345,508102612043.76306
44.60000000000001,521364312617581.2,1.170291045508006e-10,1427448399196.2627,2749981546165.8345,508694163747.13055
44.8,521364902246954.4,5.077145687270193e-11,1425128110284.199,2749981546165.8345,509283793120.2252
45.0,521365489961840.7,-1.5874321256213177e-11,1422813504291.653,2749981546165.8345,509871508006.6227
45.2,521366075770036.9,-8.081037636431757e-11,1420504561083.898,2749981546165.8345,510457316202.70166
45.400000000000006,521366659679291.8,-1.399284166193783e-10,1418201260639.644,2749981546165.8345,511041225457.64404
45.60000000000001,521367241697307.5,-1.87109711828561e-10,1415903583051.0422,2749981546165.8345,511623243473.4338
45.8,521367821831739.1,-2.142252618671051e-10,1413611508523.6814,2749981546165.8345,512203377904.8589
46.0,521368400090219.0,-2.204070098725165e-10,1411325017316.9583,2749981546165.8345,512781636384.8504
46.2,521368976480406.8,-2.2967019373949693e-10,1409044089630.7373,2749981546165.8345,513358026572.64813
46.400000000000006,521369551009869.8,-2.476885057747536e-10,1406768705883.3584,2749981546165.8345,513932556035.6589
46.60000000000001,521370123686116.4,-2.73776502980639e-10,1404498846634.5708,2749981546165.8345,514505232282.2062
46.8,521370694516611.1,-3.0650775776654954e-10,1402234492549.3975,2749981546165.8345,515076062776.8859
47.0,521371263508774.7,-3.4371485794892154e-10,1399975624398.1357,2749981546165.8345,515645054940.5672
47.2,521371830669984.5,-3.8248940675123506e-10,1397722223056.3582,2749981546165.8345,516212216150.3909
47.400000000000006,521372396007574.0,-4.1918202280401153e-10,1395474269504.9116,2749981546165.8345,516777553739.7707
47.60000000000001,521372959528832.6,-4.4940234014481373e-10,1393231744829.9165,2749981546165.8345,517341074998.39294
47.8,521373521241006.4,-4.680190082182479e-10,1390994630222.7695,2749981546165.8345,517902787172.2165
48.0,521374081151328.8,-4.722701908344411e-10,1388762906905.893,2749981546165.8345,518462697494.755
48.2,521374639267139.8,-4.73559033997014e-10,1386536555851.1807,2749981546165.8345,519020813305.7052
48.400000000000006,521375195595671.1,-4.761727794926598e-10,1384315558287.97,2749981546165.8345,519577141836.9232
48.60000000000001,521375750144073.4,-4.799535075750283e-10,1382099895639.2908,2749981546165.8345,520131690239.2845
48.8,521376302919460.7,-4.846593702795326e-10,1379889549417.763,2749981546165.8345,520684465626.5454
49.0,521376853928909.5,-4.899656681484891e-10,1377684501225.572,2749981546165.8345,521235475075.3534
49.2,521377403179459.4,-4.954648502311181e-10,1375484732754.4683,2749981546165.8345,521784725625.2474
49.400000000000006,521377950678112.8,-5.006665140835433e-10,1373290225785.7664,2749981546165.8345,522332224278.6577
49.60000000000001,521378496431835.0,-5.049974057687913e-10,1371100962190.3464,2749981546165.8345,522877978000.90625
49.8,521379040447554.3,-5.078014198567925e-10,1368916923928.6538,2749981546165.8345,523421993720.20636
50.0,521379582732168.1,-5.085756411145587e-10,1366738093036.2427,2749981546165.8345,523964278333.90564
50.2,521380123292585.3,-5.085804125117131e-10,1364564451525.1672,2749981546165.8345,524504838751.07324
50.400000000000006,521380662135666.9,-5.085804125117131e-10,1362395981522.331,2749981546165.8345,525043681832.7501
50.60000000000001,521381199268219.1,-5.085804125117131e-10,1360232665285.6672,2749981546165.8345,525580814384.96094
50.8,521381734697012.8,-5.085804125117131e-10,1358074485157.8918,2749981546165.8345,526116243178.6872
51.0,521382268428784.2,-5.085804125117131e-10,1355921423566.2124,2749981546165.8345,526649974949.993
51.2,521382800470234.2,-5.085804125117131e-10,1353773463022.3267,2749981546165.8345,527182016400.025
51.400000000000006,521383330828029.2,-5.085804125117131e-10,1351630586122.423,2749981546165.8345,527712374195.01337
51.60000000000001,521383859508800.4,-5.085804125117131e-10,1349492775547.1807,2749981546165.8345,528241054966.2703
51.8,521384386519144.3,-5.085804125117131e-10,1347360014061.7703,2749981546165.8345,528768065310.1917
52.0,521384911865625.6,-5.085804125117131e-10,1345232284508.4148,2749981546165.8345,529293411791.4543
52.2,521385435554816.2,-5.08580412511713e-10,1343109569715.7642,2749981546165.8345,529817100981.9935
52.400000000000006,521385957593254.4,-5.08580412511713e-10,1340991852593.889,2749981546165.8345,530339139420.1481
52.60000000000001,521386477987421.5,-5.08580412511713e-10,1338879116188.401,2749981546165.8345,530859533587.3832
52.8,521386996743765.9,-5.08580412511713e-10,1336771343625.8442,2749981546165.8345,531378289931.77783
53.0,521387513868702.7,-5.08580412511713e-10,1334668518112.4736,2749981546165.8345,531895414868.54944
53.2,521388029368614.3,-5.08580412511713e-10,1332570622934.2551,2749981546165.8345,532410914780.054
53.400000000000006,521388543249850.0,-5.08580412511713e-10,1330477641456.866,2749981546165.8345,532924796015.78564
53.60000000000001,521389055518726.6,-5.08580412511713e-10,1328389557125.695,2749981546165.8345,533437064892.37756
53.8,521389566181527.8,-5.08580412511713e-10,1326306353465.841,2749981546165.8345,533947727693.60046
54.0,521390075244506.3,-5.08580412511713e-10,1324228014078.1816,2749981546165.8345,534456790672.0535
54.2,521390582713922.1,-5.08580412511713e-10,1322154522549.032,2749981546165.8345,534964260087.9539
54.400000000000006,521391088596015.6,-5.08580412511713e-10,1320085862514.8105,2749981546165.8345,535470142181.37195
54.60000000000001,521391592896962.7,-5.08580412511713e-10,1318022017763.8792,2749981546165.8345,535974443128.499
54.8,521392095622906.9,-5.08580412511713e-10,1315962972164.187,2749981546165.8345,536477169072.7191
55.0,521392596779960.4,-5.08580412511713e-10,1313908709659.5618,2749981546165.8345,536978326126.1994
55.2,521393096374204.1,-5.08580412511713e-10,1311859214269.7126,2749981546165.8345,537477920369.891
55.400000000000006,521393594411687.8,-5.08580412511713e-10,1309814470090.228,2749981546165.8345,537975957853.52795
55.60000000000001,521394090898429.9,-5.08580412511713e-10,1307774461292.5757,2749981546165.8345,538472444595.6284
55.8,521394585840417.7,-5.08580412511713e-10,1305739172124.106,2749981546165.8345,538967386583.49365
56.0,521395079243607.4,-5.08580412511713e-10,1303708586908.0454,2749981546165.8345,539460789773.2088
56.2,521395571113923.9,-5.08580412511713e-10,1301682690043.504,2749981546165.8345,539952660089.6421
56.400000000000006,521396061457262.4,-5.08580412511713e-10,1299661466001.3699,2749981546165.8345,540443003428.20294
56.60000000000001,521396550279539.1,-5.08580412511713e-10,1297644899207.4136,2749981546165.8345,540931825704.9412
56.80000000000001,521397037586661.4,-5.08580412511713e-10,1295632974110.6567,2749981546165.8345,541419132827.2456
57.0,521397523384462.0,-5.08580412511713e-10,1293625675337.4448,2749981546165.8345,541904930627.8122
57.2,521398007678741.8,-5.08580412511713e-10,1291622987591.158,2749981546165.8345,542389224907.6258
57.400000000000006,521398490475272.8,-5.08580412511713e-10,1289624895645.874,2749981546165.8345,542872021438.6753
57.60000000000001,521398971779798.2,-5.08580412511713e-10,1287631384346.3696,2749981546165.8345,543353325963.95374
57.80000000000001,521399451598031.7,-5.08580412511713e-10,1285642438608.1206,2749981546165.8345,543833144197.4585
58.0,521399929935658.3,-5.08580412511713e-10,1283658043417.3005,2749981546165.8345,544311481824.1912
58.2,521400406798334.4,-5.08580412511713e-10,1281678183830.783,2749981546165.8345,544788344500.1569
58.400000000000006,521400882191686.6,-5.08580412511713e-10,1279702844976.139,2749981546165.8345,545263737852.36584
58.60000000000001,521401356121313.0,-5.08580412511713e-10,1277732012051.6387,2749981546165.8345,545737667478.83167
58.80000000000001,521401828592783.9,-5.08580412511713e-10,1275765670323.5596,2749981546165.8345,546210138949.723
59.0,521402299611683.0,-5.08580412511713e-10,1273803805029.3704,2749981546165.8345,546681157848.7749
59.2,521402769183589.1,-5.08580412511713e-10,1271846401420.5906,2749981546165.8345,547150729754.9546
59.400000000000006,521403237314013.5,-5.08580412511713e-10,1269893444910.66,2749981546165.8345,547618860179.2169
59.60000000000001,521403704008436.7,-5.08580412511713e-10,1267944920986.0571,2749981546165.8345,548085554602.51984
59.80000000000001,521404169272313.0,-5.08580412511713e-10,1266000815199.4434,2749981546165.8345,548550818478.7572
60.0,519802239835816.4,2512484451756.7183,1444918612910.6501,3003707289171.277,585197830530.5507
60.2,519382083408703.5,2004382409397.8894,1782582862458.873,3505058558539.7646,666392672786.1306
60.4,519048681937736.6,1588778667969.5952,2037617345138.186,3915294190758.54,743226834037.8336
60.6,518785692761112.2,1253242932600.8013,2230593743654.2676,4246585286567.618,811528753222.4701
60.8,518579221232878.2,984940913001.8558,2376731164815.663,4511545286951.923,870017225372.7854
61.0,518417744628007.1,771927761644.1876,2487346400860.873,4721935573271.514,918930906821.3054
61.2,518291871661914.1,603711940270.7131,2570905086062.08,4888097950087.355,959220317544.1113
61.4,518194042636209.6,471405343473.93994,2633778149954.7783,5018799862185.264,992093203937.4587
61.6,518118226984192.7,367657202838.009,2680786824062.4756,5121295742835.022,1018773432570.3308
61.8,518059645936602.2,286488821196.70544,2715597497025.915,5201487900584.684,1040384542729.4086
62.0,518014531435556.1,223095088159.81598,2741010026175.169,5264121182411.216,1057903323509.8916
62.2,517979923394450.2,173647474400.60187,2759170038275.479,5312976757228.786,1072150857221.658
62.4,517953502933100.0,135115005688.02206,2771726546143.508,5351048486229.65,1083802124872.348
62.6,517933457298345.6,105109537442.1691,2779949884036.609,5380695494163.694,1093403498051.9707
62.8,517918371628513.2,81756120380.95203,2784820538081.1895,5403770075739.92,1101392409795.7102
63.0,517907142922271.2,63586661616.86957,2787096447973.8237,5421722659936.478,1108116287750.3625
63.2,517898912055009.4,49453956008.06423,2787364249105.9673,5435686691736.864,1113849452288.9473
63.4,517893010289658.5,38462904662.37804,2786078445693.963,5446546558038.129,1118807553239.2893
63.6,517888917329818.6,29915902400.146656,2783591456353.046,5454991528978.47,1123159564339.7673
63.8,517886228504923.1,23269719258.30101,2780176722530.667,5461558351200.548,1127037561666.3152
64.0,517884629146222.5,18101597989.873905,2776046520014.264,5466664740125.675,1130544591890.8433
64.2,517883874606519.0,14082682204.169174,2771365710723.952,5470635631886.588,1133760943948.2046
64.4,517883774695474.8,10957238386.7543,2766262376868.044,5473723712050.972,1136749113068.3494
64.6,517884181564385.7,8526437521.224902,2760836053044.728,5476125439964.226,1139557709892.4148
64.8,517884980281206.0,6635712531.293654,2755164104772.483,5477993540346.817,1142224527095.3738
65.0,517886081501146.3,5164912666.3760805,2749306674757.333,5479446731506.064,1144778938194.9192
65.2,517887415768667.0,4020641897.697511,2743310520753.697,5480577295664.947,1147243769874.544
65.4,517888929088336.7,3130299757.7170205,2737211995106.0444,5481456967170.723,1149636761050.06
65.6,517890579482520.6,2437448288.2164874,2731039358824.854,5482141510401.761,1151971698464.8774
65.8,517892334316024.7,1898210751.22431,2724814579591.4365,5482674278197.092,1154259299764.2468
66.0,517894168216963.8,1478472982.4886043,2718554729137.102,5483088977194.436,1156507899700.763
66.2,517896061460760.5,1151708479.8087556,2712273069686.911,5483411816852.596,1158723983155.7317
66.4,517897998714198.4,897288493.0013288,2705979898759.746,5483663179240.286,1160912598981.2952
66.6,517899968059137.6,699168833.0045507,2699683206284.5327,5483858916586.117,1163077681266.283
66.8,517901960233590.9,544869439.4884797,2693389185807.8213,5484011359552.283,1165222298685.7878
67.0,517903968041692.2,424681375.562877,2687102632276.353,5484130100786.932,1167348848021.734
67.2,517905985894918.5,331050512.64505017,2680827251617.132,5484222603889.154,1169459204350.2864
67.4,517908009455329.8,258098496.76506177,2674565901711.145,5484294676726.959,1171554837599.3755
67.6,517910035358103.6,201250375.72083256,2668320779996.35,5484350839364.771,1173636903011.0876
67.8,517912060995713.2,156945104.69520634,2662093569543.3438,5484394610100.042,1175706311355.8828
68.0,517914084350030.1,122410456.93025176,2655885552813.1396,5484428727862.633,1177763783435.4475
68.2,517916103861694.4,95487988.62347183,2649697700260.056,5484455325157.009,1179809892394.1294
68.4,517918118328463.9,74496909.35599904,2643530739351.931,5484476062563.196,1181845096569.7368
68.6,517920126826104.3,58128196.20263268,2637385208343.1323,5484492233355.189,1183869765002.2295
68.8,517922128646814.1,45362221.014865614,2631261498174.216,5484504844887.082,1185884197243.9116
69.0,517924123251288.8,35404660.662622966,2625159885124.1523,5484514681914.796,1187888638746.3076
69.2,517926110231400.7,27636625.365879346,2619080556259.1665,5484522355869.766,1189883292813.148
69.4,517928089281138.0,21575845.39368824,2613023629269.704,5484528343206.581,1191868329887.263
69.6,517930060173973.0,16846459.846613213,2606989167934.741,5484533015251.562,1193843894767.2378
69.8,517932022745234.4,13155497.759832444,2600977194178.553,5484536661439.17,1195810112216.2979
70.0,517933976878376.2,10274566.496377908,2594987697471.626,5484539507403.561,1197767091322.4019
70.2,517935922494279.1,8025592.462083569,2589020642161.3706,5484541729066.411,1199714928888.2598
70.4,517937859542916.4,6269715.814665003,2583075973188.871,5484543463608.604,1201653712067.6602
70.6,517939787996857.1,4898640.328740419,2577153620547.208,5484544818016.236,1203583520416.1418
70.8,517941707846205.5,3827894.689304009,2571253502758.4497,5484545875738.172,1205504427486.531
71.0,517943619094654.8,2991582.103240401,2565375529585.2856,5484546701873.14,1207416502070.7036
71.2,517945521756411.8,2338288.9502386143,2559519604145.665,5484547347211.771,1209319809166.3364
71.4,517947415853800.4,1827896.170773448,2553685624561.716,5484547851386.7295,1211214410729.8372
71.6,517949301415392.2,1429093.860899474,2547873485245.306,5484548245328.12,1213100366262.9934
71.8,517951178474549.9,1117443.722721105,2542083077900.073,5484548553177.64,1214977733270.3123
72.0,517953047068292.1,873868.3998132864,2536314292302.185,5484548793780.982,1216846567615.7593
72.2,517954907236406.9,683473.4853051084,2530567016908.419,5484548981851.595,1218706923801.2437
72.4,517956759020763.2,534628.8160253864,2524841139329.435,5484549128878.26,1220558855184.2024
72.6,517958602464772.0,418251.88437864947,2519136546697.83,5484549243833.021,1222402414147.7942
72.8,517960437612968.0,327248.82589473866,2513453125954.041,5484549333723.417,1224237652234.201
73.0,517962264510683.0,256078.2734324118,2507790764068.1104,5484549404023.349,1226064620249.207
73.2,517964083203792.3,200411.02662661584,2502149348211.3735,5484549459009.275,1227883368344.4075
73.4,517965893738516.6,156864.45181997702,2496528765889.042,5484549502022.607,1229693946081.999
73.6,517967696161268.7,122795.17542162936,2490928905042.2603,5484549535674.482,1231496402485.9944
73.8,517969490518534.4,96137.25504590207,2485349654126.3135,5484549562005.637,1233290786082.856
74.0,517971276856779.8,75275.83488047568,2479790902170.2295,5484549582611.216,1235077144933.8828
74.2,517973055222380.0,58948.49168734772,2474252538821.8496,5484549598738.22,1236855526661.1655
74.4,517974825661564.0,46168.19247225311,2468734454381.5483,5484549611361.626,1238625978468.5203
74.6,517976588220371.7,36163.12151727595,2463236539827.12,5484549621243.81,1240388547158.5063
74.8,517978342944622.5,28329.676880606414,2457758686831.74,5484549628980.994,1242143279146.377
75.0,517980089879889.2,22195.749317928825,2452300787776.5645,5484549635039.508,1243890220471.6453
75.2,517981829071480.7,17392.030568926762,2446862735759.122,5484549639784.139,1245629416807.7688
75.4,517983560564427.1,13629.592394856696,2441444424598.4443,5484549643500.273,1247360913470.3696
75.6,517985284403470.2,10682.363607194435,2436045748837.663,5484549646411.214,1249084755424.307
75.8,517987000633055.2,8373.433341501432,2430666603744.627,5484549648691.701,1250800987289.8364
76.0,517988709297326.6,6564.343731434109,2425306885310.9995,5484549650478.494,1252509653348.0647
76.2,517990410440124.2,5146.718450368202,2419966490250.174,5484549651878.641,1254210797545.837
76.4,517992104104981.3,4035.716711000571,2414645315994.2734,5484549652975.937,1255904463500.178
76.6,517993790335123.5,3164.914024306464,2409343260690.4644,5484549653835.99,1257590694502.3813
76.8,517995469173468.7,2482.2982386577683,2404060223196.729,5484549654510.178,1259269533521.814
77.0,517997140662627.8,1947.137488248964,2398796103077.239,5484549655038.728,1260941023209.4917
77.2,517998804844905.4,1527.529877416213,2393550800597.4297,5484549655453.149,1262605205901.4717
77.4,518000461762301.1,1198.4862743068013,2388324216718.847,5484549655778.123,1264262123622.0972
77.6,518002111456511.2,940.4300388876343,2383116253093.8384,5484549656032.986,1265911818087.114
77.8,518003753968930.8,738.0228697369678,2377926812060.1304,5484549656232.889,1267554330706.687
78.0,518005389340655.7,579.2457671037663,2372755796635.329,5484549656389.7,1269189702588.3323
78.2,518007017612484.1,454.6795938228562,2367603110511.3765,5484549656512.723,1270817974539.769
78.4,518008638824919.6,356.94181549260054,2362468658048.986,5484549656609.249,1272439187071.7175
78.6,518010253018172.7,280.24546221554493,2357352344272.0645,5484549656684.994,1274053380400.6333
78.8,518011860232164.1,220.05374932030017,2352254074862.155,5484549656744.438,1275660594451.3977
79.0,518013460506525.8,172.80957650743548,2347173756152.8843,5484549656791.097,1277260868859.9614
79.2,518015053880605.3,135.7236459416183,2342111295124.4517,5484549656827.723,1278854242975.9473
79.4,518016640393465.8,106.60847643456387,2337066599398.1387,5484549656856.476,1280440755865.2202
79.6,518018220083890.4,83.74835660412468,2332039577230.8604,5484549656879.053,1282020446312.4175
79.8,518019792990383.8,65.7974433814847,2327030137509.766,5484549656896.78,1283593352823.4504
80.0,518021359151174.4,51.699904988702315,2322038189746.8696,5484549656910.702,1285159513627.9722
80.2,518022918604217.2,40.62733209193726,2317063644073.738,5484549656921.638,1286718966681.8193
80.4,518024471387196.3,31.929677345607473,2312106411236.2227,5484549656930.226,1288271749669.4233
80.6,518026017537526.3,25.0967946403558,2307166402589.238,5484549656936.975,1289817900006.1929
80.8,518027557092355.6,19.728284423022682,2302243530091.589,5484549656942.275,1291357454840.876
81.0,518029090088568.4,15.509848535462833,2297337706300.8525,5484549656946.441,1292890451057.888
81.2,518030616562786.9,12.194747215282217,2292448844368.3022,5484549656949.716,1294416925279.62
81.4,518032136551373.5,9.58925560811798,2287576858033.887,5484549656952.288,1295936913868.7222
81.6,518033650090433.1,7.541255830294247,2282721661621.2563,5484549656954.311,1297450452930.36
81.8,518035157215815.5,5.931287537199575,2277883170032.836,5484549656955.9,1298957578314.4495
82.0,518036657963117.6,4.665526365642552,2273061298744.955,5484549656957.15,1300458325617.8672
82.2,518038152367685.5,3.67027431459004,2268255963803.0117,5484549656958.132,1301952730186.6382
82.4,518039640464616.2,2.8876360119782527,2263467081816.703,5484549656958.905,1303440827118.1033
82.6,518041122288760.5,2.272125235535871,2258694569955.2856,5484549656959.514,1304922651263.0579
82.8,518042597874724.8,1.7880012402019934,2253938345942.8955,5484549656959.99,1306398237227.8752
83.0,518044067256873.1,1.407177705485301,2249198328053.9077,5484549656960.367,1307867619376.605
83.2,518045530469329.3,1.107581008308572,2244474435108.3486,5484549656960.662,1309330831833.0513
83.4,518046987545978.9,0.8718611463762574,2239766586467.3447,5484549656960.8955,1310787908482.8264
83.6,518048438520471.2,0.6863794368258747,2235074702028.626,5484549656961.078,1312238882975.3892
83.8,518049883426221.7,0.5404134722821645,2230398702222.068,5484549656961.222,1313683788726.057
84.0,518051322296413.6,0.42553264420970843,2225738508005.2827,5484549656961.337,1315122658918.0022
84.2,518052755163999.7,0.33510758414598885,2221094040859.2466,5484549656961.426,1316555526504.2246
84.4,518054182061704.8,0.2639247650229259,2216465222783.9785,5484549656961.496,1317982424209.5063
84.6,518055603022027.7,0.20788367806370198,2211851976294.2593,5484549656961.552,1319403384532.3442
84.8,518057018077242.2,0.16375887701443056,2207254224415.388,5484549656961.596,1320818439746.8694
85.0,518058427259400.0,0.12901297002744422,2202671890678.989,5484549656961.63,1322227621904.7363
85.2,518059830600332.2,0.10164963202983071,2198104899118.8496,5484549656961.656,1323630962837.005
85.4,518061228131651.3,0.08009806364367643,2193553174266.81,5484549656961.678,1325028494155.9958
85.6,518062619884752.3,0.06312216050863638,2189016641148.6868,5484549656961.695,1326420247257.1296
85.8,518064005890816.0,0.049749093541786873,2184495225280.2332,5484549656961.708,1327806253320.749
86.0,518065386180809.1,0.03921315793404119,2179988852663.1511,5484549656961.719,1329186543313.9204
86.2,518066760785487.4,0.030911612137850736,2175497449781.1265,5484549656961.727,1330561147992.219
86.4,518068129735396.7,0.024369944171427026,2171020943595.9172,5484549656961.732,1331930097901.4956
86.6,518069493060874.8,0.019214554535260952,2166559261543.4692,5484549656961.739,1333293423379.6274
86.8,518070850792053.3,0.015151263938444737,2162112331530.0762,5484549656961.742,1334651154558.2495
87.0,518072202958859.5,0.011948407684343965,2157680081928.5737,5484549656961.747,1336003321364.4685
87.2,518073549591017.6,0.009423531280876841,2153262441574.5723,5484549656961.748,1337349953522.5637
87.4,518074890718050.7,0.0074329235335951465,2148859339762.724,5484549656961.75,1338691080555.6658
87.6,518076226369282.4,0.005863377424585144,2144470706243.028,5484549656961.752,1340026731787.4236
87.8,518077556573838.7,0.004625706793983017,2140096471217.1711,5484549656961.752,1341356936343.6523
88.0,518078881360649.0,0.0036496420750773825,2135736565334.9011,5484549656961.755,1342681723153.9644
88.2,518080200758448.4,0.0028798127344791527,2131390919690.4387,5484549656961.756,1344001120953.3882
88.4,518081514795779.1,0.0022725839409166422,2127059465818.9219,5484549656961.756,1345315158283.9675
88.6,518082823500991.5,0.0017935644426881863,2122742135692.884,5484549656961.756,1346623863496.3464
88.8,518084126902246.4,0.0014156478787639812,2118438861718.766,5484549656961.756,1347927264751.3396
89.0,518085425027516.5,0.0011174672861285324,2114149576733.464,5484549656961.756,1349225390021.4854
89.2,518086717904587.7,0.0008821765871122196,2109874214000.9038,5484549656961.756,1350518267092.5854
89.4,518088005561060.4,0.000696493767040819,2105612707208.6577,5484549656961.756,1351805923565.2312
89.6,518089288024351.4,0.0005499455384773961,2101364990464.5825,5484549656961.756,1353088386856.3083
89.8,518090565321695.6,0.0004342728678480099,2097130998293.498,5484549656961.756,1354365684200.4978
90.0,518091837480146.8,0.0003429624560286074,2092910665633.894,5484549656961.756,1355637842651.7512
90.2,518093104526579.8,0.0002708761915676979,2088703927834.6667,5484549656961.756,1356904889084.7598
90.4,518094366487691.5,0.00021396136986106341,2084510720651.888,5484549656961.756,1358166850196.406
90.6,518095623390002.3,0.00016902084232508786,2080330980245.6042,5484549656961.756,1359423752507.2012
90.8,518096875259857.9,0.00013353190022830604,2076164643176.6675,5484549656961.756,1360675622362.7097
91.0,518098122123430.1,0.00010550418548876259,2072011646403.5933,5484549656961.756,1361922485934.961
91.2,518099364006718.9,8.336662684237624e-05,2067871927279.4487,5484549656961.756,1363164369223.845
91.4,518100600935553.5,6.58808366866534e-05,2063745423548.7727,5484549656961.756,1364401298058.497
91.6,518101832935593.7,5.2067792706085656e-05,2059632073344.5195,5484549656961.756,1365633298098.6685
91.8,518103060032331.2,4.1154606407899094e-05,2055531815185.0378,5484549656961.756,1366860394836.0847
92.0,518104282251090.8,3.253129877882176e-05,2051444587971.0688,5484549656961.756,1368082613595.7886
92.2,518105499617032.5,2.5717198926178018e-05,2047370330982.7827,5484549656961.756,1369299979537.4736
92.4,518106712155151.9,2.0332251847161575e-05,2043308983876.8364,5484549656961.756,1370512517656.8027
92.6,518107919890281.8,1.6076339950329324e-05,2039260486683.4585,5484549656961.756,1371720252786.7146
92.80000000000001,518109122847093.8,1.2712628304073294e-05,2035224779803.5671,5484549656961.756,1372923209598.7175
93.0,518110321050099.3,1.00533175872946e-05,2031201804005.8984,5484549656961.756,1374121412604.1765
93.2,518111514523650.6,7.950901304920792e-06,2027191500424.1868,5484549656961.756,1375314886155.5762
93.4,518112703291942.8,6.288746836533907e-06,2023193810554.351,5484549656961.756,1376503654447.7847
93.6,518113887379014.4,4.974539430939059e-06,2019208676251.7117,5484549656961.756,1377687741519.2969
93.80000000000001,518115066808748.5,3.935316181352266e-06,2015236039728.2383,5484549656961.756,1378867171253.4707
94.0,518116241604874.8,3.1133878003783623e-06,2011275843549.7827,5484549656961.756,1380041967379.766
94.2,518117411790969.9,2.463399259721647e-06,2007328030633.5437,5484549656961.756,1381212153474.8784
94.4,518118577390459.2,1.949321109613546e-06,2003392544245.0234,5484549656961.756,1382377752964.1035
94.6,518119738426617.5,1.5427712018223264e-06,1999469327995.5325,5484549656961.756,1383538789122.4546
94.80000000000001,518120894922570.7,1.2208281002092308e-06,1995558325839.9812,5484549656961.756,1384695285075.649
95.0,518122046901296.8,9.65728311936485e-07,1991659482073.159,5484549656961.756,1385847263801.7769
95.2,518123194385626.5,7.64219357316508e-07,1987772741329.573,5484549656961.756,1386994748131.369
95.4,518124337398245.2,6.049134719210163e-07,1983898048577.2935,5484549656961.756,1388137760750.1538
95.6,518125475961693.6,4.791940576257119e-07,1980035349119.1128,5484549656961.756,1389276324198.5369
95.80000000000001,518126610098381.5,3.795460949282807e-07,1976184588558.4321,5484549656961.756,1390410460886.486
96.0,518127739830543.3,3.006452376740062e-07,1972345712903.558,5484549656961.756,1391540193048.2612
96.2,518128865180281.5,2.3823766272710514e-07,1968518668466.3179,5484549656961.756,1392665542786.4863
96.4,518129986169580.3,1.8879140731136694e-07,1964703401831.8022,5484549656961.756,1393786532085.2769
96.6,518131102820242.4,1.4975486256031919e-07,1960899860003.1667,5484549656961.756,1394903182747.459
96.80000000000001,518132215154032.3,1.1888148804317021e-07,1957107990072.6953,5484549656961.756,1396015516537.218
97.0,518133323192435.9,9.450417303135197e-08,1953327739773.976,5484549656961.756,1397123554940.8215
97.2,518134426956946.7,7.495606909541872e-08,1949559056824.3843,5484549656961.756,1398227319451.5679
97.4,518135526468835.0,5.924331478080435e-08,1945801889455.561,5484549656961.756,1399326831339.988
97.6,518136621749232.9,4.676432757672765e-08,1942056186219.5977,5484549656961.756,1400422111737.79
97.80000000000001,518137712819224.5,3.681027502204484e-08,1938321895777.7437,5484549656961.756,1401513181729.4734
98.0,518138799699615.9,2.900456142567993e-08,1934598967434.873,5484549656961.756,1402600062120.861
98.2,518139882411258.2,2.2877785309566315e-08,1930887350391.1282,5484549656961.756,1403682773763.1519
98.4,518140960974704.8,1.8094410806381455e-08,1927186994534.7727,5484549656961.756,1404761337209.774
98.6,518142035410503.9,1.4321981033071213e-08,1923497849766.3308,5484549656961.756,1405835773008.8574
98.80000000000001,518143105739026.5,1.132616442210226e-08,1919819866395.9954,5484549656961.756,1406906101531.3774
99.0,518144171980482.6,8.959413925585958e-09,1916152995105.7156,5484549656961.756,1407972342987.5222
99.2,518145234155064.5,7.060586340313991e-09,1912497186619.2554,5484549656961.756,1409034517569.4595
99.4,518146292282682.3,5.564899043041405e-09,1908852392313.1008,5484549656961.756,1410092645187.2058
99.6,518147346383292.6,4.383425609573181e-09,1905218563455.6614,5484549656961.756,1411146745797.5166
99.80000000000001,518148396476584.0,3.457141623168169e-09,1901595651936.3335,5484549656961.756,1412196839088.8706
100.0,518149442582206.9,2.7313968418479474e-09,1897983609732.3345,5484549656961.756,1413242944711.812
100.2,518150484719577.9,2.1631774456520723e-09,1894382389363.0942,5484549656961.756,1414285082082.7876
100.4,518151522907921.4,1.7225708886255761e-09,1890791943792.6843,5484549656961.756,1415323270426.2441
100.6,518152557166673.3,1.3652086746363851e-09,1887212225495.2007,5484549656961.756,1416357529178.2058
100.80000000000001,518153587515273.7,1.0465765857111544e-09,1883643186935.752,5484549656961.756,1417387877778.583
101.0,518154613972696.8,7.597847788257537e-10,1880084781658.6414,5484549656961.756,1418414335201.6626
101.2,518155636557483.6,5.32956725255697e-10,1876536964212.4695,5484549656961.756,1419436919988.4194
101.4,518156655288558.9,3.6319654280124114e-10,1872999688256.099,5484549656961.756,1420455651063.7126
101.6,518157670184879.0,2.4467921315236254e-10,1869472907375.3953,5484549656961.756,1421470547383.8992
101.80000000000001,518158681265016.2,1.6893697556900075e-10,1865956576047.718,5484549656961.756,1422481627521.0376
102.0,518159688547042.1,1.24062184444205e-10,1862450649910.8274,5484549656961.756,1423488909546.9692
102.2,518160692049399.5,1.0069751929830398e-10,1858955083742.1653,5484549656961.756,1424492411904.3958
102.4,518161691790350.0,9.150613948133802e-11,1855469832739.8457,5484549656961.756,1425492152854.896
102.6,518162687788138.8,8.927046779285711e-11,1851994852140.0098,5484549656961.756,1426488150643.6724
102.80000000000001,518163680061400.2,8.393879113430076e-11,1848530096275.1667,5484549656961.756,1427480423905.09
103.0,518164668626928.8,7.885881043785152e-11,1845075523750.0703,5484549656961.756,1428468989433.607
103.2,518165653502969.2,6.681698384993515e-11,1841631089801.6167,5484549656961.756,1429453865474.101
103.4,518166634707417.1,4.4301796451725996e-11,1838196750479.441,5484549656961.756,1430435069921.9585
103.6,518167612257540.4,1.4876513345873367e-11,1834772463292.4539,5484549656961.756,1431412620045.2485
103.80000000000001,518168586170859.8,-2.1503791523316788e-11,1831358185160.9739,5484549656961.756,1432386533364.72
104.0,518169556464848.5,-6.484501377156006e-11,1827953873115.8804,5484549656961.756,1433356827353.3677
104.2,518170523156841.2,-1.140166689728785e-10,1824559484508.9707,5484549656961.756,1434323519346.037
104.4,518171486264034.5,-1.667518926595997e-10,1821174977012.9578,5484549656961.756,1435286626539.4255
104.6,518172445803487.2,-2.196474403223538e-10,1817800308621.4712,5484549656961.756,1436246165992.082
104.80000000000001,518173401792119.5,-2.6816368741008016e-10,1814435437649.0586,5484549656961.756,1437202154624.4077
105.0,518174354246713.8,-3.0662462933001986e-10,1811080322731.1829,5484549656961.756,1438154609218.6548
105.2,518175303183914.1,-3.282199000554848e-10,1807734922824.1296,5484549656961.756,1439103546418.9683
105.4,518176248620374.0,-3.3211244503159544e-10,1804399196865.9526,5484549656961.756,1440048982879.0186
105.6,518177190572997.0,-3.3498579056650287e-10,1801073103225.6477,5484549656961.756,1440990935501.845
105.80000000000001,518178129058300.2,-3.404801857114773e-10,1797756601161.1113,5484549656961.756,1441929420805.0227
106.0,518179064092606.3,-3.483625586259576e-10,1794449650381.714,5484549656961.756,1442864455111.1323
106.2,518179995692118.8,-3.581800738371673e-10,1791152210874.019,5484549656961.756,1443796054623.644
106.4,518180923872922.1,-3.6926013224011505e-10,1787864242901.782,5484549656961.756,1444724235426.9185
106.6,518181848650981.3,-3.807103710975938e-10,1784585707005.9504,5484549656961.756,1445649013486.2065
106.80000000000001,518182770042142.8,-3.91418664040182e-10,1781316564004.6648,5484549656961.756,1446570404647.6494
107.0,518183688062133.4,-4.000531210662422e-10,1778056774993.2578,5484549656961.756,1447488424638.2788
107.2,518184602726561.2,-4.0506208854192227e-10,1774806301344.2544,5484549656961.756,1448403089066.016
107.4,518185514051074.3,-4.0599695596185547e-10,1771565104339.7761,5484549656961.756,1449314413579.2703
107.6,518186422051708.3,-4.063817667712027e-10,1768333144374.105,5484549656961.756,1450222414213.1528
107.80000000000001,518187326744088.5,-4.0711488897530527e-10,1765110382787.295,5484549656961.756,1451127106593.394
108.0,518188228143634.4,-4.081506818117989e-10,1761896781397.8523,5484549656961.756,1452028506139.2344
108.2,518189126265669.7,-4.0942108055914656e-10,1758692302246.6382,5484549656961.756,1452926628174.6133
108.4,518190021125423.2,-4.108355965366388e-10,1755496907596.8662,5484549656961.756,1453821487928.1697
108.6,518190912738028.4,-4.122813171043928e-10,1752310559934.1045,5484549656961.756,1454713100533.2424
108.80000000000001,518191801118523.0,-4.1362290566335313e-10,1749133221966.274,5484549656961.756,1455601481027.8684
109.0,518192686281849.9,-4.147026016552918e-10,1745964856623.6492,5484549656961.756,1456486644354.7847
109.2,518193568242856.5,-4.1534022056280767e-10,1742805427058.8591,5484549656961.756,1457368605361.4272
109.4,518194447016332.8,-4.154619161600503e-10,1739654896561.7864,5484549656961.756,1458247378837.6736
109.6,518195322617117.0,-4.154619161600503e-10,1736513228320.4988,5484549656961.756,1459122979621.876
109.80000000000001,518196195059878.9,-4.154619161600503e-10,1733380385910.7126,5484549656961.756,1459995422383.7737
110.0,518197064359163.8,-4.154619161600503e-10,1730256333196.1084,5484549656961.756,1460864721668.7068
110.2,518197930529428.3,-4.154619161600503e-10,1727141034247.897,5484549656961.756,1461730891933.2876
110.4,518198793585040.4,-4.154619161600503e-10,1724034453344.8257,5484549656961.756,1462593947545.401
110.6,518199653540279.2,-4.1546191616005043e-10,1720936554973.174,5484549656961.756,1463453902784.2036
110.80000000000001,518200510409335.2,-4.1546191616005043e-10,1717847303826.7556,5484549656961.756,1464310771840.1233
111.0,518201364206309.9,-4.1546191616005043e-10,1714766664806.9175,5484549656961.756,1465164568814.8623
111.2,518202214945216.5,-4.1546191616005043e-10,1711694603022.5405,5484549656961.756,1466015307721.393
111.4,518203062639640.4,-4.154619161600503e-10,1708631084557.197,5484549656961.756,1466863002145.3328
111.6,518203907304444.9,-4.154619161600503e-10,1705576072606.6265,5484549656961.756,1467707666949.8838
111.80000000000001,518204748952975.8,-4.154619161600503e-10,1702529533810.7463,5484549656961.756,1468549315480.8462
112.0,518205587598932.4,-4.154619161600503e-10,1699491434015.6255,5484549656961.756,1469387961437.309
112.2,518206423255978.6,-4.154619161600503e-10,1696461739152.7197,5484549656961.756,1470223618483.5493
112.4,518207255937692.3,-4.154619161600503e-10,1693440415356.2827,5484549656961.756,1471056300197.207
112.6,518208085657565.0,-4.154619161600503e-10,1690427428961.99,5484549656961.756,1471886020069.8914
112.80000000000001,518208912429002.8,-4.154619161600503e-10,1687422746505.5566,5484549656961.756,1472712791507.7915
113.0,518209736265327.3,-4.154619161600503e-10,1684426334721.3608,5484549656961.756,1473536627832.2856
113.2,518210557179775.6,-4.154619161600503e-10,1681438160541.0642,5484549656961.756,1474357542280.5474
113.4,518211375185528.8,-4.154619161600503e-10,1678458191029.619,5484549656961.756,1475175548033.7456
113.6,518212190295830.6,-4.154619161600503e-10,1675486393116.5354,5484549656961.756,1475990658335.466
113.80000000000001,518213002523775.0,-4.154619161600503e-10,1672522734076.542,5484549656961.756,1476802886279.904
114.0,518213811882330.3,-4.154619161600503e-10,1669567181476.5295,5484549656961.756,1477612244835.2493
114.2,518214618384389.2,-4.154619161600503e-10,1666619703061.027,5484549656961.756,1478418746894.1482
114.4,518215422042769.7,-4.154619161600503e-10,1663680266750.233,5484549656961.756,1479222405274.5764
114.6,518216222870215.8,-4.154619161600503e-10,1660748840638.153,5484549656961.756,1480023232720.6555
114.80000000000001,518217020879398.6,-4.154619161600503e-10,1657825392990.7476,5484549656961.756,1480821241903.4763
115.0,518217816082917.0,-4.154619161600503e-10,1654909892244.0688,5484549656961.756,1481616445421.915
115.2,518218608493298.4,-4.154619161600503e-10,1652002307002.4087,5484549656961.756,1482408855803.455
115.4,518219398123000.1,-4.154619161600503e-10,1649102606036.4365,5484549656961.756,1483198485505.0044
115.6,518220184984408.8,-4.154619161600503e-10,1646210758281.3452,5484549656961.756,1483985346913.718
115.80000000000001,518220969089842.9,-4.154619161600503e-10,1643326732834.9924,5484549656961.756,1484769452347.8145
116.0,518221750451552.5,-4.154619161600503e-10,1640450498956.0415,5484549656961.756,1485550814057.3977
116.2,518222529081720.3,-4.154619161600503e-10,1637582026062.1074,5484549656961.756,1486329444225.2751
116.4,518223304992462.9,-4.154619161600503e-10,1634721283727.8958,5484549656961.756,1487105354967.7783
116.6,518224078195830.7,-4.154619161600503e-10,1631868241683.281,5484549656961.756,1487878558335.567
116.80000000000001,518224848703809.2,-4.154619161600503e-10,1629022869810.2788,5484549656961.756,1488649066314.1992
117.0,518225616528320.2,-4.154619161600503e-10,1626185138142.242,5484549656961.756,1489416890825.177
117.2,518226381681222.0,-4.154619161600503e-10,1623355016863.0369,5484549656961.756,1490182043726.9854
117.4,518227144174310.8,-4.154619161600503e-10,1620532476304.31,5484549656961.756,1490944536815.7253
117.6,518227904019321.0,-4.154619161600503e-10,1617717486943.5989,5484549656961.756,1491704381825.9275
117.80000000000001,518228661227926.4,-4.154619161600503e-10,1614910019402.4683,5484549656961.756,1492461590431.3687
118.0,518229415811740.9,-4.154619161600503e-10,1612110044444.654,5484549656961.756,1493216174245.8926
118.2,518230167782319.3,-4.154619161600503e-10,1609317532974.202,5484549656961.756,1493968144824.229
118.4,518230917151157.9,-4.154619161600503e-10,1606532456033.6074,5484549656961.756,1494717513662.8115
118.6,518231663929695.7,-4.154619161600503e-10,1603754784801.9585,5484549656961.756,1495464292200.5986
118.80000000000001,518232408129315.0,-4.1546191616005027e-10,1600984490593.0723,5484549656961.756,1496208491819.8909
119.0,518233149761342.2,-4.1546191616005027e-10,1598221544853.6396,5484549656961.756,1496950123847.1506
119.2,518233888837048.9,-4.1546191616005027e-10,1595465919161.3618,5484549656961.756,1497689199553.8228
119.4,518234625367652.2,-4.1546191616005027e-10,1592717585223.0942,5484549656961.756,1498425730157.1501
119.6,518235359364316.1,-4.1546191616005027e-10,1589976514872.984,5484549656961.756,1499159726820.9966
119.80000000000001,518236090838151.0,-4.1546191616005027e-10,1587242680072.1614,5484549656961.756,1499891200655.9785
120.0,516645988855586.7,2490969608619.2246,1754248981348.5918,5742990230386.558,1544666784905.5288
120.2,516233384592616.4,1976337385427.181,2069964591010.187,6250947409628.948,1640019701177.683
120.4,515907796473069.1,1558657165201.225,2306985321358.2783,6663347632593.283,1726831804594.5571
120.6,515652316807777.9,1223729924169.4897,2485251829761.502,6994120185248.959,1802124691959.025
120.8,515452749435199.0,957527208518.115,2619395827636.3076,7257066531614.067,1865503665745.173
121.0,515297439238377.7,747329554727.6882,2720225533968.9463,7464719446064.826,1917846383374.6177
121.2,515176966025986.4,582163052877.7463,2795781799181.1636,7627901739524.497,1960555464443.1277
121.4,515083800821724.6,452853988622.9852,2852087450693.302,7755666232236.92,1995154752893.6987
121.6,515011975040986.8,351894666096.95764,2893681381099.905,7855424701137.242,2023087441056.1543
121.8,514956785411285.9,273231253256.78018,2924002268083.255,7933155344427.388,2045628454645.4824
122.0,514914542206901.8,212033764263.15033,2945666866723.5356,7993628782957.067,2063858688791.0483
122.2,514882360435158.3,164478323342.7162,2960673812318.4814,8040622456718.356,2078670590808.8599
122.4,514857989918164.7,127554778551.55298,2970554224591.6094,8077110288412.578,2090787905509.455
122.6,514839678865573.6,98903553763.17337,2976483930185.094,8105423642398.128,2100790206903.8933
122.8,514826065372338.8,76680875737.11655,2979367685975.952,8127384354817.775,2109137426088.6633
123.0,514816091728445.6,59449417026.53711,2979902770235.589,8144412713216.185,2116192140593.9077
123.2,514808937091884.9,46090674339.73146,2978627243776.122,8157613995245.302,2122238786062.2742
123.4,514803964789852.1,35735389197.321465,2975956728239.3076,8167847199976.159,2127499688760.4382
123.6,514800681186673.4,27708662516.512413,2972212533166.508,8175779271184.948,2132148156790.6125
123.8,514798703650175.1,21486868783.861614,2967643219677.118,8181927667374.721,2136319016482.058
124.0,514797735640789.2,16663954552.00523,2962441173232.5576,8186693662081.029,2140117001802.5286
124.2,514797547364142.2,12925151085.477306,2956755362366.6377,8190388319580.908,2143623382655.4207
124.4,514797960757154.3,10026510280.302902,2950701174905.6523,8193252717102.161,2146901173188.7747
124.6,514798837843985.2,7778997571.29991,2944368010282.9863,8195473664315.042,2149999207232.4766
124.8,514800071709996.4,6036141592.389812,2937825145049.608,8197195908240.232,2152955317168.854
125.0,514801579506957.6,4684452790.353317,2931126267992.0845,8198531601925.526,2155798807815.3665
125.2,514803297033547.6,3635994736.4861145,2924312988778.682,8199567645804.258,2158552378284.2075
125.4,514805174536861.2,2822626897.773627,2917417553904.997,8200371377267.35,2161233613060.8281
125.6,514807173459992.5,2191544058.898277,2910464949973.362,8200994978828.8955,2163856137753.7402
125.8,514809263922520.1,1701821001.108687,2903474533134.5713,8201478892844.69,2166430514297.1653
126.0,514811422768667.1,1321736164.312717,2896461291861.3003,8201854466395.414,2168964933994.8145
126.2,514813632055144.6,1026698775.8736175,2889436825845.003,8202145999788.477,2171465753865.3718
126.4,514815877879519.8,797643352.9459305,2882410105039.411,8202372333173.966,2173937911625.985
126.6,514818149472338.5,619786161.0737841,2875388058362.453,8202548075454.83,2176385246725.5793
126.8,514820438493541.1,481661954.46341944,2868376030387.1084,8202684556207.686,2178810748681.0483
127.0,514822738487129.1,374377756.5446292,2861378135696.497,8202790563113.669,2181216749175.011
127.2,514825044458435.8,291034720.69391114,2854397533885.318,8202872913284.961,2183605070653.0317
127.4,514827352546386.3,226280152.80143243,2847436643019.7217,8202936895960.328,2185977141278.9524
127.6,514829659769367.8,175960349.82708532,2840497305355.031,8202986615570.943,2188334083871.0164
127.8,514831963828146.9,136851527.7274412,2833580916011.5283,8203025257636.214,2190676784715.3972
128.0,514834262953005.5,106451242.96796468,2826688522904.6855,8203055294878.635,2193005946816.536
128.2,514836555785156.8,82816685.10735375,2819820904362.875,8203078647020.029,2195322131109.1099
128.4,514838841284737.6,64439287.234428205,2812978629424.452,8203096804688.26,2197625788358.11
128.6,514841118659413.5,50147483.731133685,2806162104685.795,8203110925508.753,2199917283854.5547
128.8,514843387308967.9,39031284.98712746,2799371610705.2866,8203121908636.724,2202196916536.9775
129.0,514845646782290.7,30383764.873385657,2792607330295.5767,8203130452576.442,2204464933799.468
129.2,514847896743987.0,23655661.99383277,2785869370514.159,8203137100041.768,2206721542961.151
129.4,514850136948451.0,18420149.69469772,2779157779758.1436,8203142272768.209,2208966920151.585
129.6,514852367219731.8,14345493.09757873,2772472561054.501,8203146298531.3545,2211201217195.54
129.8,514854587435896.6,11173824.105317479,2765813682393.5107,8203149432119.752,2213424566948.706
130.0,514856797516883.9,8704662.79211821,2759181084763.9316,8203151871617.685,2215637087433.8467
130.2,514858997415066.9,6782121.924538076,2752574688401.3545,8203153771048.484,2217838885047.768
130.4,514861187107922.7,5284969.722534472,2745994397647.318,8203155250193.528,2220030057048.5522
130.6,514863366592333.8,4118911.2421652386,2739440104728.0464,8203156402218.948,2222210693485.1167
130.8,514865535880161.7,3210592.112744421,2732911692692.911,8203157299600.469,2224380878694.6294
131.0,514867694994805.7,2502939.5370599106,2726409037699.2935,8203157998726.854,2226540692464.997
131.2,514869843968528.0,1951541.8082137865,2719932010788.9307,8203158543477.208,2228690210937.7344
131.4,514871982840375.8,1521834.3862135585,2713480479268.628,8203158968001.317,2230829507309.533
131.6,514874111654564.4,1186912.528332547,2707054307783.07,8203159298880.893,2232958652377.747
131.8,514876230459222.4,925830.7073404414,2700653359148.013,8203159556809.833,2235077714964.822
132.0,514878339305415.5,722280.2715158202,2694277494996.972,8203159757900.753,2237186762248.8076
132.2,514880438246387.5,563561.0750440673,2687926576282.7124,8203159914701.047,2239285860021.0205
132.4,514882527336971.4,439781.5966457402,2681600463665.7046,8203160036983.195,2241375072887.1562
132.6,514884606633132.4,343236.68856743514,2675299017814.583,8203160132359.565,2243454464424.5117
132.8,514886676191611.9,267923.43875109684,2669022099638.071,8203160206760.745,2245524097305.1426
133.0,514888736069652.3,209164.43066258793,2662769570463.553,8203160264807.763,2247584033392.55
133.2,514890786324783.5,163314.53646401773,2656541292174.101,8203160310101.778,2249634333817.8237
133.4,514892827014657.6,127532.68597663085,2650337127313.139,8203160345449.572,2251675059039.8022
133.6,514894858196921.1,99604.1866959779,2644156939163.9277,8203160373039.096,2253706268892.826
133.8,514896879929116.1,77802.37870784213,2638000591809.4365,8203160394576.139,2255728022624.837
134.0,514898892268604.6,60780.8995112621,2631867950176.9443,8203160411390.795,2257740378927.963
134.2,514900895272510.4,47489.774837235665,2625758880070.7725,8203160424520.334,2259743395963.26
134.4,514902888997674.6,37110.05623764351,2619673248195.7705,8203160434773.797,2261737131380.899
134.6,514904873500621.8,29002.89862938677,2613610922173.6265,8203160442782.284,2263721642336.8066
134.8,514906848837535.8,22669.882255846613,2607571770553.588,8203160449038.183,2265696985506.529
135.0,514908815064238.5,17722.091326976697,2601555662818.8604,8203160453925.69,2267663217096.9365
135.2,514910772236178.9,13856.013622710287,2595562469389.645,8203160457744.639,2269620392856.2373
135.4,514912720408421.0,10834.753616747823,2589592061623.581,8203160460729.049,2271568568082.659
135.6,514914659635637.8,8473.385528875397,2583644311814.1777,8203160463061.599,2273507797632.0957
135.8,514916589972107.4,6627.532497022463,2577719093187.7075,8203160464884.914,2275438135924.9243
136.0,514918511471709.1,5184.459926095107,2571816279898.911,8203160466310.357,2277359636952.1836
136.2,514920424187923.7,4056.1286417976034,2565935747025.796,8203160467424.8955,2279272354281.2334
136.4,514922328173831.9,3173.775831564016,2560077370563.7603,8203160468296.459,2281176341061.005
136.6,514924223482116.2,2483.687173829716,2554241027419.1826,8203160468978.104,2283071650026.9214
136.8,514926110165061.5,1943.8978869210066,2548426595402.6475,8203160469511.286,2284958333505.56
137.0,514927988274558.0,1521.618215058875,2542633953221.8804,8203160469928.393,2286836443419.0884
137.2,514929857862102.0,1191.224010465822,2536862980474.4873,8203160470254.739,2288706031289.5356
137.4,514931718978800.0,932.6881541282213,2531113557640.558,8203160470510.1045,2290567148242.907
137.6,514933571675370.4,730.3559291742101,2525385566075.1846,8203160470709.953,2292419845013.184
137.8,514935416002147.1,571.9888052026233,2519678888000.92,8203160470866.378,2294264171946.2085
138.0,514937252009081.9,448.01769385277214,2513993406500.228,8203160470988.825,2296100179003.4917
138.2,514939079745748.6,350.95971449423644,2508329005507.9287,8203160471084.692,2297927915765.9307
138.4,514940899261345.0,274.96260485663527,2502685569803.6646,8203160471159.755,2299747431437.4634
138.6,514942710604697.4,215.44879104635606,2497062985004.3975,8203160471218.536,2301558774848.6587
138.8,514944513824263.0,168.8372823365506,2491461137556.9526,8203160471264.575,2303361994460.249
139.0,514946308968133.3,132.32634280819502,2485879914730.6094,8203160471300.635,2305157138366.611
139.2,514948096084037.6,103.72363647445388,2480319204609.751,8203160471328.885,2306944254299.1978
139.4,514949875219346.2,81.31345808974109,2474778896086.5776,8203160471351.019,2308723389629.9214
139.6,514951646421073.4,63.752938116258235,2469258878853.876,8203160471368.364,2310494591374.503
139.8,514953409735881.1,49.9908890721711,2463759043397.865,8203160471381.956,2312257906195.764
140.0,514955165210081.5,39.204345392063786,2458279280991.103,8203160471392.609,2314013380406.8916
140.2,514956912889640.9,30.748933022835296,2452819483685.468,8203160471400.961,2315761059974.6616
140.4,514958652820182.4,24.12004987400324,2447379544305.2065,8203160471407.508,2317500990522.62
140.6,514960385046989.0,18.922498063967378,2441959356440.0503,8203160471412.641,2319233217334.2344
140.8,514962109615006.7,14.846725046815124,2436558814438.41,8203160471416.667,2320957785356.001
141.0,514963826568848.1,11.650232766870584,2431177813400.6294,8203160471419.823,2322674739200.5273
141.2,514965535952794.6,9.143028902327295,2425816249172.3174,8203160471422.3,2324384123149.5713
141.4,514967237810800.3,7.1762399331380236,2420474018337.749,8203160471424.242,2326085981157.0557
141.6,514968932186493.8,5.633197675825255,2415151018213.327,8203160471425.768,2327780356852.039
141.8,514970619123182.1,4.422461197536973,2409847146841.122,8203160471426.963,2329467293541.6616
142.0,514972298663853.6,3.472353142189605,2404562302982.474,8203160471427.901,2331146834214.0605
142.2,514973970851180.0,2.7266812816839368,2399296386111.664,8203160471428.638,2332819021541.2466
142.4,514975635727520.1,2.1413877790134794,2394049296409.649,8203160471429.216,2334483897881.955
142.6,514977293334922.1,1.6819246511993513,2388820934757.8643,8203160471429.669,2336141505284.465
142.8,514978943715126.7,1.3211978121769594,2383611202732.0923,8203160471430.025,2337791885489.3853
143.0,514980586909569.4,1.0379563061590145,2378420002596.3906,8203160471430.303,2339435079932.4175
143.2,514982222959383.9,0.81553017779136,2373247237297.09,8203160471430.523,2341071129747.083
143.4,514983851905404.1,0.6408414038813505,2368092810456.8477,8203160471430.697,2342700075767.423
143.6,514985473788167.2,0.5036287069159195,2362956626368.7686,8203160471430.833,2344321958530.668
143.8,514987088647916.4,0.39583993209067303,2357838589990.5864,8203160471430.939,2345936818279.8867
144.0,514988696524602.9,0.3111557080106858,2352738606938.903,8203160471431.021,2347544694966.596
144.2,514990297457889.6,0.24461596941970848,2347656583483.4854,8203160471431.088,2349145628253.3506
144.4,514991891487152.5,0.19232712291211246,2342592426541.6323,8203160471431.139,2350739657516.3037
144.6,514993478651483.9,0.15123238006882822,2337546043672.5864,8203160471431.178,2352326821847.7393
144.8,514995058989694.8,0.11893163602228951,2332517343072.0107,8203160471431.213,2353907160058.579
145.0,514996632540316.9,0.09354017713793145,2327506233566.523,8203160471431.237,2355480710680.8647
145.2,514998199341606.3,0.07357783498203488,2322512624608.28,8203160471431.258,2357047511970.21
145.4,514999759431544.3,0.05788201822603396,2317536426269.6274,8203160471431.273,2358607601908.23
145.6,515001312847841.0,0.04553947415116336,2312577549237.793,8203160471431.286,2360161018204.947
145.8,515002859627937.2,0.03583272788155198,2307635904809.645,8203160471431.295,2361707798301.1646
146.0,515004399809006.8,0.028198050612687264,2302711404886.494,8203160471431.305,2363247979370.8257
146.2,515005933427959.4,0.02219246206880334,2297803961968.9575,8203160471431.31,2364781598323.3403
146.4,515007460521441.9,0.017467828565579865,2292913489151.87,8203160471431.314,2366308691805.89
146.6,515008981125841.8,0.013750522789375538,2288039900119.247,8203160471431.317,2367829296205.71
146.8,515010495277288.4,0.010825456155971068,2283183109139.3,8203160471431.322,2369343447652.345
147.0,515012003011655.8,0.008523534752521399,2278343031059.503,8203160471431.323,2370851182019.8887
147.2,515013504364565.2,0.00671180997050904,2273519581301.7065,8203160471431.325,2372352534929.189
147.4,515014999371386.1,0.0052857398741242645,2268712675857.3066,8203160471431.325,2373847541750.0415
147.6,515016488067239.5,0.004163110964349155,2263922231282.452,8203160471431.326,2375336237603.352
147.8,515017970486999.3,0.003279261812370778,2259148164693.312,8203160471431.328,2376818657363.284
148.0,515019446665295.4,0.002583330349553666,2254390393761.383,8203160471431.33,2378294835659.381
148.2,515020916636514.8,0.0020353048515613504,2249648836708.8447,8203160471431.33,2379764806878.6616
148.4,515022380434803.8,0.001603704528026037,2244923412303.9653,8203160471431.33,2381228605167.7056
148.6,515023838094070.8,0.0012637590268287971,2240214039856.5483,8203160471431.33,2382686264434.708
148.8,515025289647987.6,0.0009959770332253054,2235520639213.43,8203160471431.33,2384137818351.5166
149.0,515026735129991.8,0.0007850176544555732,2230843130754.0146,8203160471431.33,2385583300355.6484
149.2,515028174573288.4,0.0006188057685089206,2226181435385.862,8203160471431.33,2387022743652.2876
149.4,515029608010852.4,0.00048783616768217577,2221535474540.3125,8203160471431.33,2388456181216.2573
149.6,515031035475430.1,0.0003846253478864761,2216905170168.159,8203160471431.33,2389883645793.9795
149.8,515032456999541.6,0.0003032818238745051,2212290444735.364,8203160471431.33,2391305169905.4077
150.0,515033872615482.1,0.00023916584461995991,2207691221218.8076,8203160471431.33,2392720785845.947
150.2,515035282355324.5,0.00018862354141090823,2203107423102.0967,8203160471431.33,2394130525688.3486
150.4,515036686250920.7,0.00014877730389013804,2198538974371.392,8203160471431.33,2395534421284.5903
150.6,515038084333903.9,0.00011736029516646277,2193985799511.302,8203160471431.33,2396932504267.735
150.8,515039476635689.9,9.258685205676157e-05,2189447823500.7925,8203160471431.33,2398324806053.77
151.0,515040863187479.5,7.304990859045751e-05,2184924971809.1538,8203160471431.33,2399711357843.434
151.2,515042244020260.1,5.7641246538776264e-05,2180417170391.9995,8203160471431.33,2401092190624.018
151.4,515043619164807.3,4.54881472296519e-05,2175924345687.3062,8203160471431.33,2402467335171.152
151.6,515044988651686.7,3.590118611685646e-05,2171446424611.4902,8203160471431.33,2403836822050.5747
151.8,515046352511256.0,2.8337102730920792e-05,2166983334555.5242,8203160471431.33,2405200681619.8867
152.0,515047710773666.4,2.23687170687434e-05,2162535003381.0942,8203160471431.33,2406558944030.2803
152.2,515049063468864.3,1.7659134963219523e-05,2158101359416.7664,8203160471431.33,2407911639228.2676
152.4,515050410626593.4,1.3942620015063032e-05,2153682331454.3215,8203160471431.33,2409258796957.335
152.6,515051752276395.8,1.100933242451727e-05,2149277848744.7642,8203160471431.33,2410600446759.739
152.8,515053088447614.1,8.693903902146616e-06,2144887840994.8472,8203160471431.33,2411936617978.072
153.0,515054419169393.0,6.865063640229853e-06,2140512238363.2415,8203160471431.33,2413267339756.9907
153.2,515055744470680.6,5.4217375793703255e-06,2136150971457.5598,8203160471431.33,2414592641044.552
153.4,515057064380230.3,4.282524721256368e-06,2131803971329.6882,8203160471431.33,2415912550594.317
153.6,515058378926602.6,3.3834007075228033e-06,2127471169473.1187,8203160471431.33,2417227096966.5537
153.8,515059688138166.0,2.6732926020784127e-06,2123152497818.9258,8203160471431.33,2418536308530.0464
154.0,515060992043099.7,2.11224574597113e-06,2118847888732.1921,8203160471431.33,2419840213463.704
154.2,515062290669394.1,1.668886507147621e-06,2114557275008.6086,8203160471431.33,2421138839758.0894
154.4,515063584044852.7,1.3187262781336686e-06,2110280589871.8118,8203160471431.33,2422432215216.62
154.6,515064872197093.2,1.042700214339073e-06,2106017766969.7612,8203160471431.33,2423720367457.195
154.8,515066155153550.4,8.246783893967474e-07,2101768740370.1199,8203160471431.33,2425003323914.271
155.0,515067432941475.9,6.523674743973779e-07,2097533444558.2039,8203160471431.33,2426281111839.7896
155.2,515068705587940.8,5.160008391006188e-07,2093311814433.3906,8203160471431.33,2427553758304.786
155.4,515069973119837.1,4.080536819581055e-07,2089103785305.366,8203160471431.33,2428821290201.081
155.6,515071235563909.0,3.2253044053513876e-07,2084909292821.5625,8203160471431.33,2430083734272.986
155.8,515072492946603.7,2.5535308397087253e-07,2080728273310.025,8203160471431.33,2431341116967.663
156.0,515073745294357.5,2.0213973371961973e-07,2076560663123.5925,8203160471431.33,2432593464721.495
156.2,515074992633287.0,1.601736297471038e-07,2072406399348.0562,8203160471431.33,2433840803650.964
156.4,515076234989474.6,1.2695679690620714e-07,2068265419147.2063,8203160471431.33,2435083159838.509
156.6,515077472388736.7,1.0065629421534132e-07,2064137660294.5208,8203160471431.33,2436320559100.646
156.8,515078704856741.6,7.975877136120702e-08,2060023060903.8235,8203160471431.33,2437553027105.463
157.0,515079932419072.8,6.293738009021129e-08,2055921559282.4712,8203160471431.33,2438780589436.702
157.2,515081155100966.6,4.962267369156467e-08,2051833094535.0403,8203160471431.33,2440003271330.532
157.4,515082372927711.2,3.904096142673471e-08,2047757605646.8403,8203160471431.33,2441221098075.157
157.6,515083585924219.3,3.072877959489178e-08,2043695032465.1653,8203160471431.33,2442434094583.1787
157.8,515084794115402.4,2.4215889794145687e-08,2039645314839.4094,8203160471431.33,2443642285766.2915
158.0,515085997525930.5,1.9112824187884763e-08,2035608393174.268,8203160471431.33,2444845696294.3813
158.2,515087196180297.7,1.511186038260662e-08,2031584208277.9016,8203160471431.33,2446044350661.616
158.4,515088390102948.2,1.19256648433656e-08,2027572701073.8657,8203160471431.33,2447238273311.9976
158.6,515089579317988.5,9.417949542452425e-09,2023573813260.3945,8203160471431.33,2448427488352.3228
158.8,515090763849579.5,7.416727799131606e-09,2019587486411.6946,8203160471431.33,2449612019943.4062
159.0,515091943721529.5,5.837146155703021e-09,2015613662912.5376,8203160471431.33,2450791891893.4404
159.2,515093118957635.2,4.595405831672232e-09,2011652285174.5085,8203160471431.33,2451967127998.956
159.4,515094289581482.4,3.619261452156311e-09,2007703296092.6765,8203160471431.33,2453137751846.297
159.6,515095455616469.0,2.85682998122719e-09,2003766638996.7163,8203160471431.33,2454303786832.8296
159.8,515096617085863.4,2.2570930773626117e-09,1999842257512.3547,8203160471431.33,2455465256227.3213
160.0,515097774012486.3,1.7936157772065485e-09,1995930096297.164,8203160471431.33,2456622182850.107
160.2,515098926419454.6,1.4234834684699827e-09,1992030099325.339,8203160471431.33,2457774589818.5146
160.4,515100074329944.4,1.1005438219341436e-09,1988142210436.8132,8203160471431.33,2458922500308.2207
160.6,515101217767000.9,7.87656914661561e-10,1984266373771.1375,8203160471431.33,2460065937364.803
160.8,515102356752661.7,5.17523390095406e-10,1980402535789.6968,8203160471431.33,2461204923025.6523
161.0,515103491309101.4,3.133440974168467e-10,1976550642638.059,8203160471431.33,2462339479465.2944
161.2,515104621458844.6,1.7405921382808332e-10,1972710639655.2505,8203160471431.33,2463469629208.4717
161.4,515105747224404.4,9.822577206029376e-11,1968882472207.0437,8203160471431.33,2464595394768.323
161.6,515106868627657.0,7.249503430209954e-11,1965066087127.983,8203160471431.33,2465716798020.825
161.8,515107985689914.8,7.299623052473358e-11,1961261432550.673,8203160471431.33,2466833860278.8413
162.0,515109098433032.5,8.597071568980878e-11,1957468455360.2266,8203160471431.33,2467946603396.4106
162.2,515110206878912.7,9.857674368137149e-11,1953687102328.6394,8203160471431.33,2469055049276.641
162.4,515111311047824.9,1.2392336913361164e-10,1949917323997.8784,8203160471431.33,2470159218188.851
162.6,515112410964265.0,1.0798583796284878e-10,1946159061157.1335,8203160471431.33,2471259134628.9165
162.8,515113506646354.3,9.799014000513416e-11,1942412269304.6636,8203160471431.33,2472354816718.249
163.0,515114598115725.9,8.538519814404944e-11,1938676895835.7878,8203160471431.33,2473446286089.8306
163.2,515115685393838.7,6.376912304115136e-11,1934952888547.4302,8203160471431.33,2474533564202.6772
163.4,515116768501348.6,2.8527916892609746e-11,1931240197093.3489,8203160471431.33,2475616671712.5547
163.6,515117847458635.1,-2.2861883164258253e-11,1927538771765.1484,8203160471431.33,2476695628999.107
163.8,515118922286343.6,-9.052219834450793e-11,1923848562239.61,8203160471431.33,2477770456707.553
164.0,515119993004959.8,-1.7241735540936301e-10,1920169518561.2603,8203160471431.33,2478841175323.792
164.2,515121059634795.2,-2.6436282321290806e-10,1916501591177.56,8203160471431.33,2479907805159.1836
164.4,515122122195986.6,-3.6002521270208655e-10,1912844730938.905,8203160471431.33,2480970366350.553
164.6,515123180708496.3,-4.509222769166961e-10,1909198889098.625,8203160471431.33,2482028878860.185
164.8,515124235192111.9,-5.264229109893999e-10,1905564017312.9844,8203160471431.33,2483083362475.8306
165.0,515125285666446.7,-5.737471521457138e-10,1901940067641.1821,8203160471431.33,2484133836810.7
165.2,515126332151048.1,-5.851201352236846e-10,1898326992297.1843,8203160471431.33,2485180321412.001
165.4,515127374665864.3,-5.885726619796699e-10,1894724742581.2727,8203160471431.33,2486222836228.214
165.6,515128413230454.6,-5.958294073213837e-10,1891133270687.77,8203160471431.33,2487261400818.4995
165.8,515129447864053.3,-6.065594811079455e-10,1887552529557.5906,8203160471431.33,2488296034417.188
166.0,515130478585747.6,-6.200919965262116e-10,1883982472471.8367,8203160471431.33,2489326756111.5117
166.2,515131505414477.8,-6.354256529487738e-10,1880423053051.463,8203160471431.33,2490353584841.7573
166.4,515132528369037.3,-6.512287359339596e-10,1876874225257.2773,8203160471431.33,2491376539401.259
166.6,515133547468072.5,-6.658391172258317e-10,1873335943389.9429,8203160471431.33,2492395638436.4014
166.8,515134562730082.7,-6.772642547541891e-10,1869808162089.976,8203160471431.33,2493410900446.6196
167.0,515135574173422.0,-6.831963914698752e-10,1866290836334.2058,8203160471431.33,2494422343785.9463
167.2,515136581816603.0,-6.840017723228246e-10,1862783920739.5671,8203160471431.33,2495429986966.9355
167.4,515137585678482.5,-6.84547982375973e-10,1859287369137.4988,8203160471431.33,2496433848846.468
167.6,515138585777377.5,-6.855061469014885e-10,1855801136599.7231,8203160471431.33,2497433947741.3877
167.8,515139582131416.3,-6.868110949999816e-10,1852325178632.3477,8203160471431.33,2498430301780.325
168.0,515140574758611.6,-6.883682449495185e-10,1848859451011.2292,8203160471431.33,2499422928975.5615
168.2,515141563676859.0,-6.900536042056217e-10,1845403909781.972,8203160471431.33,2500411847223.034
168.4,515142548903938.4,-6.917137694012692e-10,1841958511259.9282,8203160471431.33,2501397074302.3384
168.6,515143530457512.8,-6.931659263468953e-10,1838523212030.1987,8203160471431.33,2502378627876.72
168.8,515144508355129.1,-6.941978500303897e-10,1835097968947.6316,8203160471431.33,2503356525493.083
169.0,515145482614224.8,-6.945928005711161e-10,1831682739121.607,8203160471431.33,2504330784588.768
169.2,515146453252257.7,-6.946069903307725e-10,1828277479624.2246,8203160471431.33,2505301422621.62
169.4,515147420286607.3,-6.946069903307725e-10,1824882147711.9058,8203160471431.33,2506268456971.2183
169.6,515148383734448.8,-6.946069903307725e-10,1821496701108.2136,8203160471431.33,2507231904812.8125
169.8,515149343612845.4,-6.946069903307725e-10,1818121097797.155,8203160471431.33,2508191783209.454
170.0,515150299938751.9,-6.946069903307725e-10,1814755296014.5098,8203160471431.33,2509148109115.8613
170.2,515151252729014.5,-6.946069903307725e-10,1811399254247.8308,8203160471431.33,2510100899378.42
170.4,515152202000371.3,-6.946069903307725e-10,1808052931236.4446,8203160471431.33,2511050170735.181
170.6,515153147769451.9,-6.946069903307725e-10,1804716285971.4492,8203160471431.33,2511995939815.8643
170.8,515154090052777.9,-6.946069903307725e-10,1801389277695.7173,8203160471431.33,2512938223141.8564
171.0,515155028866391.5,-6.946069903307725e-10,1798071866739.6492,8203160471431.33,2513877036755.4775
171.2,515155964227714.0,-6.946069903307725e-10,1794764010332.6636,8203160471431.33,2514812398077.9604
171.4,515156896152517.6,-6.946069903307725e-10,1791465669429.03,8203160471431.33,2515744322881.587
171.6,515157824656943.3,-6.946069903307725e-10,1788176804159.4175,8203160471431.33,2516672827307.327
171.8,515158749757082.5,-6.946069903307725e-10,1784897374773.8699,8203160471431.33,2517597927446.552
172.0,515159671468920.8,-6.946069903307725e-10,1781627341768.3535,8203160471431.33,2518519639284.8916
172.2,515160589808339.0,-6.946069903307725e-10,1778366665883.0151,8203160471431.33,2519437978703.0107
172.4,515161504791113.4,-6.946069903307725e-10,1775115308100.4448,8203160471431.33,2520352961477.382
172.6,515162416432917.0,-6.946069903307725e-10,1771873229643.9355,8203160471431.33,2521264603281.0537
172.8,515163324749320.6,-6.946069903307725e-10,1768640391975.1294,8203160471431.33,2522172919684.6973
173.0,515164229755869.7,-6.946069903307725e-10,1765416756619.765,8203160471431.33,2523077926233.7803
173.2,515165131468137.4,-6.946069903307725e-10,1762202285048.2297,8203160471431.33,2523979638501.476
173.4,515166029901481.2,-6.946069903307725e-10,1758996939225.1255,8203160471431.33,2524878071845.2603
173.6,515166925071143.6,-6.946069903307725e-10,1755800681381.7834,8203160471431.33,2525773241507.663
173.8,515167816992275.3,-6.946069903307725e-10,1752613473964.016,8203160471431.33,2526665162639.415
174.0,515168705679936.4,-6.946069903307725e-10,1749435279629.7812,8203160471431.33,2527553850300.4775
174.2,515169591149097.1,-6.946069903307725e-10,1746266061246.8435,8203160471431.33,2528439319461.0864
174.4,515170473414638.8,-6.946069903307725e-10,1743105781890.4365,8203160471431.33,2529321585002.7827
174.6,515171352491355.4,-6.946069903307725e-10,1739954404840.926,8203160471431.33,2530200661719.4526
174.8,515172228393954.3,-6.946069903307725e-10,1736811893581.4705,8203160471431.33,2531076564318.3623
175.0,515173101137057.2,-6.946069903307725e-10,1733678211795.686,8203160471431.33,2531949307421.1978
175.2,515173970735201.1,-6.946069903307725e-10,1730553323365.3052,8203160471431.33,2532818905565.0933
175.4,515174837202839.6,-6.946069903307725e-10,1727437192367.843,8203160471431.33,2533685373203.6787
175.6,515175700554344.1,-6.946069903307725e-10,1724329783074.2566,8203160471431.33,2534548724708.1084
175.8,515176560804004.1,-6.946069903307725e-10,1721231059946.608,8203160471431.33,2535408974368.1
176.0,515177417966028.9,-6.946069903307725e-10,1718140987635.675,8203160471431.33,2536266136392.9795
176.2,515178272054548.9,-6.946069903307725e-10,1715059530976.4194,8203160471431.33,2537120224912.9907
176.4,515179123083616.1,-6.946069903307725e-10,1711986654986.4521,8203160471431.33,2537971253980.2334
176.6,515179971067205.2,-6.946069903307725e-10,1708922324867.3245,8203160471431.33,2538819237569.2393
176.8,515180816019214.2,-6.946069903307725e-10,1705866506000.0525,8203160471431.33,2539664189578.284
177.0,515181657953466.3,-6.946069903307725e-10,1702819163942.5945,8203160471431.33,2540506123830.4424
177.2,515182496883710.5,-6.946069903307725e-10,1699780264427.5051,8203160471431.33,2541345054074.625
177.4,515183332823622.6,-6.946069903307725e-10,1696749773359.5925,8203160471431.33,2542180993986.6187
177.6,515184165786806.0,-6.946069903307725e-10,1693727656813.5781,8203160471431.33,2543013957170.1235
177.8,515184995786793.7,-6.946069903307725e-10,1690713881031.7495,8203160471431.33,2543843957157.786
178.0,515185822837048.1,-6.946069903307725e-10,1687708412421.6213,8203160471431.33,2544671007412.242
178.2,515186646950963.0,-6.946069903307725e-10,1684711217553.5898,8203160471431.33,2545495121327.151
178.4,515187468141864.2,-6.946069903307725e-10,1681722263158.5913,8203160471431.33,2546316312228.2305
178.6,515188286423010.3,-6.946069903307725e-10,1678741516125.759,8203160471431.33,2547134593374.3
178.8,515189101807594.2,-6.946069903307725e-10,1675768943500.0793,8203160471431.33,2547949977958.312
179.0,515189914308744.4,-6.946069903307725e-10,1672804512480.0493,8203160471431.33,2548762479108.393
179.2,515190723939509.0,-6.946069903307725e-10,1669848190450.919,8203160471431.33,2549572109873.0664
179.4,515191530712631.8,-6.946069903307725e-10,1666899945491.7437,8203160471431.33,2550378882995.945
179.6,515192334640782.1,-6.946069903307725e-10,1663959745856.682,8203160471431.33,2551182811146.206
179.8,515193135736717.2,-6.946069903307725e-10,1661027559608.9993,8203160471431.33,2551983907081.221
